--
-- PostgreSQL database dump
--

-- Dumped from database version 15.12 (Debian 15.12-1.pgdg120+1)
-- Dumped by pg_dump version 15.12 (Debian 15.12-1.pgdg120+1)

SET statement_timeout = 0;
SET lock_timeout = 0;
SET idle_in_transaction_session_timeout = 0;
SET client_encoding = 'UTF8';
SET standard_conforming_strings = on;
SELECT pg_catalog.set_config('search_path', '', false);
SET check_function_bodies = false;
SET xmloption = content;
SET client_min_messages = warning;
SET row_security = off;

--
-- Name: public; Type: SCHEMA; Schema: -; Owner: -
--

-- *not* creating schema, since initdb creates it


--
-- Name: SCHEMA public; Type: COMMENT; Schema: -; Owner: -
--

COMMENT ON SCHEMA public IS '';


--
-- Name: enum_user_scores_mode; Type: TYPE; Schema: public; Owner: -
--

CREATE TYPE public.enum_user_scores_mode AS ENUM (
    'practice',
    'ranked'
);


SET default_tablespace = '';

SET default_table_access_method = heap;

--
-- Name: bookmarks; Type: TABLE; Schema: public; Owner: -
--

CREATE TABLE public.bookmarks (
    id integer NOT NULL,
    user_id integer NOT NULL,
    mock_test_id integer NOT NULL
);


--
-- Name: bookmarks_id_seq; Type: SEQUENCE; Schema: public; Owner: -
--

CREATE SEQUENCE public.bookmarks_id_seq
    AS integer
    START WITH 1
    INCREMENT BY 1
    NO MINVALUE
    NO MAXVALUE
    CACHE 1;


--
-- Name: bookmarks_id_seq; Type: SEQUENCE OWNED BY; Schema: public; Owner: -
--

ALTER SEQUENCE public.bookmarks_id_seq OWNED BY public.bookmarks.id;


--
-- Name: google_auth_tokens; Type: TABLE; Schema: public; Owner: -
--

CREATE TABLE public.google_auth_tokens (
    id integer NOT NULL,
    refresh_token text NOT NULL,
    access_token text,
    access_token_expires_at timestamp with time zone
);


--
-- Name: google_auth_tokens_id_seq; Type: SEQUENCE; Schema: public; Owner: -
--

CREATE SEQUENCE public.google_auth_tokens_id_seq
    AS integer
    START WITH 1
    INCREMENT BY 1
    NO MINVALUE
    NO MAXVALUE
    CACHE 1;


--
-- Name: google_auth_tokens_id_seq; Type: SEQUENCE OWNED BY; Schema: public; Owner: -
--

ALTER SEQUENCE public.google_auth_tokens_id_seq OWNED BY public.google_auth_tokens.id;


--
-- Name: mcq_questions; Type: TABLE; Schema: public; Owner: -
--

CREATE TABLE public.mcq_questions (
    id integer NOT NULL,
    section_id integer NOT NULL,
    question character varying(255) NOT NULL,
    options json NOT NULL,
    answer character varying(255) NOT NULL
);


--
-- Name: mcq_questions_id_seq; Type: SEQUENCE; Schema: public; Owner: -
--

CREATE SEQUENCE public.mcq_questions_id_seq
    AS integer
    START WITH 1
    INCREMENT BY 1
    NO MINVALUE
    NO MAXVALUE
    CACHE 1;


--
-- Name: mcq_questions_id_seq; Type: SEQUENCE OWNED BY; Schema: public; Owner: -
--

ALTER SEQUENCE public.mcq_questions_id_seq OWNED BY public.mcq_questions.id;


--
-- Name: mock_tests; Type: TABLE; Schema: public; Owner: -
--

CREATE TABLE public.mock_tests (
    id integer NOT NULL,
    stream_id integer NOT NULL,
    title character varying(255) NOT NULL,
    time_limit integer NOT NULL
);


--
-- Name: mock_tests_id_seq; Type: SEQUENCE; Schema: public; Owner: -
--

CREATE SEQUENCE public.mock_tests_id_seq
    AS integer
    START WITH 1
    INCREMENT BY 1
    NO MINVALUE
    NO MAXVALUE
    CACHE 1;


--
-- Name: mock_tests_id_seq; Type: SEQUENCE OWNED BY; Schema: public; Owner: -
--

ALTER SEQUENCE public.mock_tests_id_seq OWNED BY public.mock_tests.id;


--
-- Name: notifications; Type: TABLE; Schema: public; Owner: -
--

CREATE TABLE public.notifications (
    id integer NOT NULL,
    user_id integer NOT NULL,
    message character varying(255) NOT NULL,
    is_read boolean DEFAULT false NOT NULL,
    created_at timestamp with time zone NOT NULL
);


--
-- Name: notifications_id_seq; Type: SEQUENCE; Schema: public; Owner: -
--

CREATE SEQUENCE public.notifications_id_seq
    AS integer
    START WITH 1
    INCREMENT BY 1
    NO MINVALUE
    NO MAXVALUE
    CACHE 1;


--
-- Name: notifications_id_seq; Type: SEQUENCE OWNED BY; Schema: public; Owner: -
--

ALTER SEQUENCE public.notifications_id_seq OWNED BY public.notifications.id;


--
-- Name: sections; Type: TABLE; Schema: public; Owner: -
--

CREATE TABLE public.sections (
    id integer NOT NULL,
    name character varying(255) NOT NULL,
    question_count integer NOT NULL,
    marks_per_question double precision NOT NULL,
    negative_marking double precision NOT NULL
);


--
-- Name: sections_id_seq; Type: SEQUENCE; Schema: public; Owner: -
--

CREATE SEQUENCE public.sections_id_seq
    AS integer
    START WITH 1
    INCREMENT BY 1
    NO MINVALUE
    NO MAXVALUE
    CACHE 1;


--
-- Name: sections_id_seq; Type: SEQUENCE OWNED BY; Schema: public; Owner: -
--

ALTER SEQUENCE public.sections_id_seq OWNED BY public.sections.id;


--
-- Name: streams; Type: TABLE; Schema: public; Owner: -
--

CREATE TABLE public.streams (
    id integer NOT NULL,
    name character varying(255) NOT NULL
);


--
-- Name: streams_id_seq; Type: SEQUENCE; Schema: public; Owner: -
--

CREATE SEQUENCE public.streams_id_seq
    AS integer
    START WITH 1
    INCREMENT BY 1
    NO MINVALUE
    NO MAXVALUE
    CACHE 1;


--
-- Name: streams_id_seq; Type: SEQUENCE OWNED BY; Schema: public; Owner: -
--

ALTER SEQUENCE public.streams_id_seq OWNED BY public.streams.id;


--
-- Name: test_section_links; Type: TABLE; Schema: public; Owner: -
--

CREATE TABLE public.test_section_links (
    mock_test_id integer NOT NULL,
    section_id integer NOT NULL,
    test_id integer
);


--
-- Name: testimonials; Type: TABLE; Schema: public; Owner: -
--

CREATE TABLE public.testimonials (
    id integer NOT NULL,
    full_name character varying(255) NOT NULL,
    email character varying(255) NOT NULL,
    testimonial text NOT NULL,
    exam_type character varying(255),
    rating double precision,
    anonymous boolean DEFAULT false NOT NULL,
    profile_photo character varying(255),
    created_at timestamp with time zone NOT NULL
);


--
-- Name: testimonials_id_seq; Type: SEQUENCE; Schema: public; Owner: -
--

CREATE SEQUENCE public.testimonials_id_seq
    AS integer
    START WITH 1
    INCREMENT BY 1
    NO MINVALUE
    NO MAXVALUE
    CACHE 1;


--
-- Name: testimonials_id_seq; Type: SEQUENCE OWNED BY; Schema: public; Owner: -
--

ALTER SEQUENCE public.testimonials_id_seq OWNED BY public.testimonials.id;


--
-- Name: user_scores; Type: TABLE; Schema: public; Owner: -
--

CREATE TABLE public.user_scores (
    id integer NOT NULL,
    user_id integer NOT NULL,
    mock_test_id integer NOT NULL,
    score integer NOT NULL,
    elapsed_time integer DEFAULT 0 NOT NULL,
    created_at timestamp with time zone NOT NULL
);


--
-- Name: user_scores_id_seq; Type: SEQUENCE; Schema: public; Owner: -
--

CREATE SEQUENCE public.user_scores_id_seq
    AS integer
    START WITH 1
    INCREMENT BY 1
    NO MINVALUE
    NO MAXVALUE
    CACHE 1;


--
-- Name: user_scores_id_seq; Type: SEQUENCE OWNED BY; Schema: public; Owner: -
--

ALTER SEQUENCE public.user_scores_id_seq OWNED BY public.user_scores.id;


--
-- Name: users; Type: TABLE; Schema: public; Owner: -
--

CREATE TABLE public.users (
    id integer NOT NULL,
    name character varying(255) NOT NULL,
    email character varying(255) NOT NULL,
    password character varying(255) NOT NULL,
    number character varying(255),
    avatar character varying(255) DEFAULT 'bear'::character varying NOT NULL,
    verified boolean DEFAULT false NOT NULL,
    created_at timestamp with time zone NOT NULL,
    updated_at timestamp with time zone NOT NULL
);


--
-- Name: users_id_seq; Type: SEQUENCE; Schema: public; Owner: -
--

CREATE SEQUENCE public.users_id_seq
    AS integer
    START WITH 1
    INCREMENT BY 1
    NO MINVALUE
    NO MAXVALUE
    CACHE 1;


--
-- Name: users_id_seq; Type: SEQUENCE OWNED BY; Schema: public; Owner: -
--

ALTER SEQUENCE public.users_id_seq OWNED BY public.users.id;


--
-- Name: bookmarks id; Type: DEFAULT; Schema: public; Owner: -
--

ALTER TABLE ONLY public.bookmarks ALTER COLUMN id SET DEFAULT nextval('public.bookmarks_id_seq'::regclass);


--
-- Name: google_auth_tokens id; Type: DEFAULT; Schema: public; Owner: -
--

ALTER TABLE ONLY public.google_auth_tokens ALTER COLUMN id SET DEFAULT nextval('public.google_auth_tokens_id_seq'::regclass);


--
-- Name: mcq_questions id; Type: DEFAULT; Schema: public; Owner: -
--

ALTER TABLE ONLY public.mcq_questions ALTER COLUMN id SET DEFAULT nextval('public.mcq_questions_id_seq'::regclass);


--
-- Name: mock_tests id; Type: DEFAULT; Schema: public; Owner: -
--

ALTER TABLE ONLY public.mock_tests ALTER COLUMN id SET DEFAULT nextval('public.mock_tests_id_seq'::regclass);


--
-- Name: notifications id; Type: DEFAULT; Schema: public; Owner: -
--

ALTER TABLE ONLY public.notifications ALTER COLUMN id SET DEFAULT nextval('public.notifications_id_seq'::regclass);


--
-- Name: sections id; Type: DEFAULT; Schema: public; Owner: -
--

ALTER TABLE ONLY public.sections ALTER COLUMN id SET DEFAULT nextval('public.sections_id_seq'::regclass);


--
-- Name: streams id; Type: DEFAULT; Schema: public; Owner: -
--

ALTER TABLE ONLY public.streams ALTER COLUMN id SET DEFAULT nextval('public.streams_id_seq'::regclass);


--
-- Name: testimonials id; Type: DEFAULT; Schema: public; Owner: -
--

ALTER TABLE ONLY public.testimonials ALTER COLUMN id SET DEFAULT nextval('public.testimonials_id_seq'::regclass);


--
-- Name: user_scores id; Type: DEFAULT; Schema: public; Owner: -
--

ALTER TABLE ONLY public.user_scores ALTER COLUMN id SET DEFAULT nextval('public.user_scores_id_seq'::regclass);


--
-- Name: users id; Type: DEFAULT; Schema: public; Owner: -
--

ALTER TABLE ONLY public.users ALTER COLUMN id SET DEFAULT nextval('public.users_id_seq'::regclass);


--
-- Data for Name: bookmarks; Type: TABLE DATA; Schema: public; Owner: -
--

COPY public.bookmarks (id, user_id, mock_test_id) FROM stdin;
\.


--
-- Data for Name: google_auth_tokens; Type: TABLE DATA; Schema: public; Owner: -
--

COPY public.google_auth_tokens (id, refresh_token, access_token, access_token_expires_at) FROM stdin;
1	e86d62aed4571572290ad2e6183008b8:3ff99d68d057251b2238f541cbc92bbf8271aa31c18ca339e0b745ad225c840daee8bcae3110add7b9777dfde2854cb79cf33c51f6f85f3f656ff5a16050a5a7a92602cc995232d3c4566619c4582151bb0e36797e51d1902eb31ffe434c6a1a0fcbd852fae494b222c2b3468a068497	e3b1bbefed32732e79c405758ef4b0ed:d31d04f597da99bc288fe57be31f3f28aa0659702709f69ec76f7456955ab78207dd38b6012b86b6ba5ad05af887b3a290a9ef417ff835ada31e12a939935279190d61ec10bdd0f3bc16a2fdc8205ce8722dd501006f250cf4d06b8a24180209af155d54e66e18621e17b84c43bb8ab2364383a0a93ef7d443b7396483c3cbab849634aadb06247bc26d587029e9e686fdef27fdcbcc73df258ae4535f8f835fb5fb647cbe0d88feb0bc5837e2c04cefa263540c5a006f5711e7eb7af460d89f3cbd5efede74320cd6290109154ba548c29dcbd7844c0cc7306f6147f7a00cc66ee7930539746e28098d4b9f7f426ca6	2025-05-10 10:21:41.847+00
\.


--
-- Data for Name: mcq_questions; Type: TABLE DATA; Schema: public; Owner: -
--

COPY public.mcq_questions (id, section_id, question, options, answer) FROM stdin;
1	3	Which of the following is the smallest unit of length?	{"1": "millimeter", "2": "micrometer", "3": "nanometer", "4": "angstrom unit"}	4
2	3	Which of the following elements does not belong to alkali metals?	{"1": "Na", "2": "Li", "3": "Mg", "4": "K"}	3
3	3	Methyl orange gives ____ colour with base.	{"1": "red", "2": "pink", "3": "orange", "4": "yellow"}	4
4	3	Which of the following is common alcohol (wine)?	{"1": "methyl alcohol", "2": "ethyl alcohol", "3": "propyl alcohol", "4": "butyl alcohol"}	2
5	3	Cobalt oxide is added to ordinary glass to make _______ glass.	{"1": "black", "2": "red", "3": "hard", "4": "blue"}	4
6	3	What should be the amount of sugar to make a saturated solution of sugar in 500gm water at 25°C, if solubility of sugar at that temp. is 20.	{"1": "20", "2": "25", "3": "100", "4": "200"}	3
7	3	The element with atomic no. 24 is:	{"1": "Iron", "2": "Cadmium", "3": "Chromium", "4": "Copper"}	3
8	3	What is the molecular formula for bleaching powder?	{"1": "CaCl2", "2": "CaOCl2", "3": "CuSO4", "4": "MgCl2"}	2
9	3	Glycerol is an example of _______.	{"1": "monohydric alcohol", "2": "dihydric alcohol", "3": "trihydric alcohol", "4": "aldehyde"}	3
10	3	Which of the following metal has highest boiling point?	{"1": "Aluminium", "2": "Silver", "3": "Copper", "4": "Gold"}	1
11	4	Amphibian of plant kingdom is:	{"1": "Algae", "2": "Fungi", "3": "Gymnosperm", "4": "Bryophyta"}	4
12	4	The largest animal cell is _______.	{"1": "Ostrich egg", "2": "RBC", "3": "WBC", "4": "Neuron"}	1
13	4	Nucleolus is present in _______.	{"1": "cytoplasm", "2": "nucleoplasm", "3": "cell membrane", "4": "plastid"}	2
14	4	Which of the following planet spins most slowly?	{"1": "Venus", "2": "Earth", "3": "Mars", "4": "Jupiter"}	1
15	4	Which of the following does not belong to phylum coelenterata?	{"1": "Hydra", "2": "Volvox", "3": "Obelia", "4": "both b and c"}	4
16	4	The animal in which both male and female sex organ are present in a single individual is called:	{"1": "sexual", "2": "asexual", "3": "hermaphrodite", "4": "monosexual"}	3
17	4	The scientific name of "pea" is:	{"1": "Allium sativum", "2": "Rosa indica", "3": "Pisum sativum", "4": "Magnifera indica"}	3
18	4	Crossing over starts in _______.	{"1": "Diplotene", "2": "Zygotene", "3": "Leptotene", "4": "Pachytene"}	1
19	4	What is the gametophyte of fern plant?	{"1": "Thallus", "2": "Inducicum", "3": "Flowers", "4": "Prothallus"}	4
20	4	Bloods are made with _______ tissues.	{"1": "epithelial", "2": "connective", "3": "muscular", "4": "nervous"}	2
21	5	If 36 men can finish a piece of work in 20 days. How many men should be added so that the work can be finished in 4/5 of the time?	{"1": "12", "2": "9", "3": "8", "4": "4"}	2
22	5	A rectangular sheet of paper 30 cm × 16 cm can be formed into two right circular cylinders in two ways, thus the ratio of volume between the cylinder equals to:	{"1": "1:5", "2": "2:5", "3": "3:5", "4": "none"}	4
23	5	Find the least number by which 3920 should be multiplied so that the result is a complete square?	{"1": "5", "2": "28", "3": "25", "4": "20"}	2
24	5	The market price of an article is 25% above its selling price and cost price is 30% less than market price. Then the discount percent is:	{"1": "5%", "2": "15%", "3": "20%", "4": "25%"}	3
25	5	If U = {set of all triangles} A = {set of Δ with at least one angle different from 60°}, then A = _______.	{"1": "Isosceles triangle", "2": "Scalene triangle", "3": "Equilateral triangle", "4": "none"}	2
26	5	At what rate percent per annum will a sum of money double itself in 20 years?	{"1": "10%", "2": "7%", "3": "12%", "4": "5%"}	1
27	6	Which of the following is the smallest unit of length?	{"1": "millimeter", "2": "micrometer", "3": "nanometer", "4": "angstrom unit"}	4
28	6	Which of the following elements does not belong to alkali metals?	{"1": "Na", "2": "Li", "3": "Mg", "4": "K"}	3
29	6	Methyl orange gives ____ colour with base.	{"1": "red", "2": "pink", "3": "orange", "4": "yellow"}	4
30	6	Which of the following is common alcohol (wine)?	{"1": "methyl alcohol", "2": "ethyl alcohol", "3": "propyl alcohol", "4": "butyl alcohol"}	2
31	6	Cobalt oxide is added to ordinary glass to make _______ glass.	{"1": "black", "2": "red", "3": "hard", "4": "blue"}	4
32	5	If θ = 22.5° then 2Sinθ.Cosθ = ?	{"1": "Cos²θ - Sin²θ", "2": "1", "3": "0", "4": "none of the above"}	3
33	5	If (1/m) + (1/(m+3)) = a, then what will be the value of m³ + (a-3)?	{"1": "a", "2": "1", "3": "a(a-3)", "4": "none of the above"}	3
34	5	What must be added to (2a + 5b) to get the same result as (b + 2c) subtracted from (4a + b)?	{"1": "2a - 3b", "2": "3a - 4b", "3": "7a - 2b", "4": "2a - 5b - 2c"}	4
35	5	If n = 4n + m and m = -1, then n = ?	{"1": "2n + m", "2": "1", "3": "0", "4": "none of the above"}	3
36	5	If the ratio of two numbers is 5:6 and their product is 120. Find the numbers.	{"1": "10, 12", "2": "12, 10", "3": "20, 6", "4": "40, 3"}	1
37	5	If (a + b + c) = 6 and (ab + bc + ca) = 11, then a³ + b³ + c³ – 3abc is equal to:	{"1": "15", "2": "16", "3": "17", "4": "none"}	2
38	5	A father's age was four times his son's age in 2042 and two times his son's age in 2060. Find the year of birth of the son?	{"1": "2040", "2": "2038", "3": "2035", "4": "2033"}	2
39	5	If the length of the side of a square is reduced by 20%, then the area will be decreased by:	{"1": "36%", "2": "44%", "3": "15%", "4": "20%"}	1
40	5	If a number is chosen at random from the set of natural numbers less than 30, what is the probability that a prime number is picked?	{"1": "10/29", "2": "12/29", "3": "1/29", "4": "0"}	2
41	5	A group of 7 students have their weights in Kg as follows: 5, 12, 16, 5, 8, 12, 5. What is their modal weight?	{"1": "5 Kg", "2": "12 Kg", "3": "15 Kg", "4": "8 Kg"}	1
42	5	In the adjoining figure, below, "O" is the center of the circle, then find ∠ADC if ∠AOB = 100°.	{"1": "50°", "2": "25°", "3": "75°", "4": "200°"}	1
43	5	An isosceles triangle with AB = AC = 10 cm and BC = 12 cm is inscribed in a circle. Find the radius of the circle?	{"1": "6.25 cm", "2": "6.35 cm", "3": "12.5 cm", "4": "10 cm"}	1
44	5	The area of the following geometrical figure is equal to ____ cm².	{"1": "120", "2": "40", "3": "42", "4": "50"}	2
45	5	What is the radius of a circle if its area and circumference are equal in magnitude?	{"1": "7 unit", "2": "5 unit", "3": "22/7 unit", "4": "2 unit"}	3
46	3	Heart is a muscular organ made of _______ muscles.	{"1": "voluntary", "2": "cardiac", "3": "involuntary", "4": "skeletal"}	2
47	3	Which one of these is not an appropriate method of waste disposal?	{"1": "sanitary landfill", "2": "incineration", "3": "dumping", "4": "piling up at roadside"}	4
48	3	Which one of these is caused by an organism called "Bordetella Pertusis"?	{"1": "tetanus", "2": "whooping cough", "3": "diphtheria", "4": "poliomyelitis"}	2
49	3	One of the objectives of first aid treatment is to _______.	{"1": "save the life of an injured person", "2": "cure a patient", "3": "both of the above", "4": "none of the above"}	1
50	3	Function of vitamin "K" is to _______.	{"1": "improve vision", "2": "blood clotting", "3": "increase blood cell", "4": "improve muscles"}	2
51	3	What is the percentage of water in a normal body weight?	{"1": "60-70", "2": "75-80", "3": "80-90", "4": "85-95"}	1
52	3	Which one of these is not a communicable disease?	{"1": "TB", "2": "Common cold", "3": "Cancer", "4": "Cholera"}	3
53	3	_______ is not a nutrient.	{"1": "Protein", "2": "Medicine", "3": "Vitamin", "4": "Minerals"}	2
54	3	Safe motherhood is not affected by _____.	{"1": "age", "2": "smoking", "3": "weather", "4": "food intake"}	3
55	3	DPT is vaccinated to a child _______ times.	{"1": "1", "2": "2", "3": "3", "4": "4"}	3
56	3	Norplant is a _______.	{"1": "pills", "2": "permanent method of family planning", "3": "Depo-Provera injection", "4": "temporary method of family planning implanted in a mid-arm of a woman"}	4
57	3	Most of the diseases of a community in Nepal can be controlled by _______.	{"1": "improving community environment", "2": "providing clean drinking water", "3": "raising the income level", "4": "providing health services"}	2
58	3	Goiter occurs due to the deficiency of ____.	{"1": "iron", "2": "vitamin", "3": "calcium", "4": "iodine"}	4
59	3	Norplant is a _______.	{"1": "pills", "2": "permanent method of family planning", "3": "Depo-Provera injection", "4": "temporary method of family planning implanted in a mid arm of a woman"}	2
60	3	Most of the disease of a community in Nepal can be controlled by _______.	{"1": "improving community environment", "2": "providing clean drinking water", "3": "raising the income level", "4": "providing health services"}	2
61	3	Goiter occurs due to the deficiency of ____.	{"1": "iron", "2": "vitamin", "3": "calcium", "4": "iodine"}	4
62	3	Full form of AIDS is _______.	{"1": "Acute Immune Deficiency Syndrome", "2": "Acquired Immuno Deficiency Syndrome", "3": "Acquired Immune Deficient Syndrome", "4": "Acquired Immune Deficiency Symptoms"}	2
63	3	Syphilis is caused by _______.	{"1": "Treponema pallidum", "2": "Brodetlla pertusis", "3": "Entamoeba hystolytica", "4": "Corynebacterium diphtheria"}	1
64	3	The most appropriate age group to become pregnant for a woman is _______.	{"1": "15-20 years", "2": "20-25 years", "3": "25-35 years", "4": "35-40 years"}	3
65	3	Which of these is not a female reproductive organ?	{"1": "uterus", "2": "fallopian tube", "3": "scrotum", "4": "cervix"}	3
66	3	Family health is not affected by _______.	{"1": "literacy", "2": "household size", "3": "cultural environment", "4": "geographic environment"}	4
67	3	Which of these is not a micro-organism?	{"1": "virus", "2": "cell", "3": "bacteria", "4": "fungus"}	2
68	3	Nepali people need _______ caloric food on an average a day.	{"1": "2000", "2": "2250", "3": "2500", "4": "2750"}	3
69	3	Human body has _______ pieces of bones.	{"1": "204", "2": "206", "3": "208", "4": "210"}	2
70	3	Cause of population change is _______.	{"1": "birth rate", "2": "immigration", "3": "death rate", "4": "all of above"}	4
71	3	Purification of milk is called _______.	{"1": "sterilization", "2": "pasteurization", "3": "distillation", "4": "filtration"}	2
72	3	Child mortality rate in Nepal is high due to _______.	{"1": "fever", "2": "acute respiratory infection", "3": "tetanus", "4": "all of the above"}	4
73	3	Which of these is not a viral disease?	{"1": "poliomyelitis", "2": "measles", "3": "leprosy", "4": "hepatitis"}	3
74	6	Suman speaks ______ English.	{"1": "fluent", "2": "fluently", "3": "fluency", "4": "flowing"}	2
75	6	He is sitting ____ the table ____ the bench.	{"1": "on, on", "2": "at, on", "3": "at, at", "4": "on, at"}	2
76	6	She is junior ______ me.	{"1": "to", "2": "than", "3": "with", "4": "by"}	1
77	6	They ______ him to cut wood.	{"1": "got", "2": "made", "3": "had", "4": "make"}	3
78	6	The letter was written ______ red ink.	{"1": "in", "2": "with", "3": "on", "4": "by"}	1
79	6	The teacher said to me, "You can do if you try".	{"1": "The teacher told me that she could do if I tried.", "2": "The teacher told me that I could do if I tried.", "3": "The teacher told me that you can do if you try.", "4": "The teacher told me that I can do if I try."}	2
80	6	Their _______ based on facts.	{"1": "information is", "2": "informations are", "3": "information are", "4": "informations is"}	1
81	6	You'd better _______ a doctor.	{"1": "seen", "2": "to see", "3": "see", "4": "seeing"}	3
82	6	I have been teaching English ______ 1999.	{"1": "for", "2": "since", "3": "from", "4": "to"}	2
83	6	The correct spelling is _______.	{"1": "karnel", "2": "colonel", "3": "colonell", "4": "kornel"}	2
84	6	She does not _______ money.	{"1": "has", "2": "have", "3": "had", "4": "gets"}	2
85	6	One of the girls _______ gone out.	{"1": "have", "2": "are", "3": "has", "4": "is"}	3
86	6	The hotter it is, _______ I feel.	{"1": "more miserable", "2": "the more miserable", "3": "the much miserable", "4": "the most miserable"}	2
87	6	Antonym of brave is:	{"1": "coward", "2": "army officer", "3": "greedy", "4": "policeman"}	1
88	6	I am _______ to take revenge.	{"1": "good enough", "2": "enough good", "3": "experienced good", "4": "enough better"}	1
89	6	Had I been born in the USA, I _______ a car.	{"1": "had purchased", "2": "will have purchased", "3": "would purchase", "4": "would have purchased"}	4
90	6	He was not _______ Indian.	{"1": "a", "2": "an", "3": "the", "4": "no article"}	2
91	6	Let us go home, _______?	{"1": "shall we", "2": "will we", "3": "will you", "4": "shall I"}	1
92	6	I am used to _______ late night.	{"1": "read", "2": "reading", "3": "reads", "4": "red"}	2
93	6	She is _______ NCC officer.	{"1": "a", "2": "the", "3": "no article", "4": "an"}	4
94	6	The driver is good _______ driving.	{"1": "at", "2": "in", "3": "for", "4": "on"}	1
95	6	She had never _______ by an insect.	{"1": "been stung", "2": "been stunged", "3": "was stung", "4": "been stunged"}	1
96	6	I saw him _______.	{"1": "played", "2": "had played", "3": "play", "4": "to play"}	3
97	6	You will pass the final exam _______ you study hard.	{"1": "because of", "2": "so that", "3": "provided that", "4": "as though"}	3
98	6	In 2020, she ______ in the same school.	{"1": "will be working", "2": "will work", "3": "will have worked", "4": "will be work"}	1
99	1	Astronomical unit (AU) is distance between Earth and Sun. 1 AU =	{"1": "1.496 x 10^8 Km", "2": "9.46 x 10^12 Km", "3": "3.084 x 10^13 Km", "4": "None"}	1
100	1	The magnitude of the sum of the two vectors is equal to the difference of their magnitudes. What is the angle between the vectors?	{"1": "0°", "2": "45°", "3": "90°", "4": "180°"}	4
101	1	A particle is moving on a straight line path with constant acceleration directed along the direction of instantaneous velocity. Which of the following statement is true?	{"1": "Particle may reverse the direction of motion.", "2": "Distance covered = magnitude of displacement.", "3": "Average velocity is less than average speed.", "4": "Average velocity = instantaneous velocity."}	2
102	1	A ball is projected from the top of a tower at an angle 60° with the vertical. What happens to the vertical component of its velocity?	{"1": "Increases continuously.", "2": "Decreases continuously.", "3": "Remains unchanged.", "4": "First decreases and then increases."}	2
103	1	A particle moving along a circular path due to a centripetal force having constant magnitude is an example of motion with:	{"1": "Constant speed and velocity.", "2": "Variable speed and velocity.", "3": "Variable speed and constant velocity.", "4": "Constant speed and variable velocity."}	4
104	1	A rod of mass M and length L is lying on a horizontal table. The work done in making it stand on one end will be:	{"1": "MgL", "2": "MgL/2", "3": "MgL/4", "4": "2MgL"}	2
105	1	A body weighs:	{"1": "Very slightly greater at night", "2": "Very slightly less at night.", "3": "Exactly equal at day & night.", "4": "Zero at night."}	2
106	1	Two vessels have different base area. They are filled with water to the same height. If the amount of water in one be 4 times that in the other, then the ratio of pressure on their bottom will be:	{"1": "16:1", "2": "8:1", "3": "4:1", "4": "1:1"}	4
107	1	The speed of light in air is 3 x 10^8 m/s. What will be its speed in diamond whose refractive index is 2.4?	{"1": "3 x 10^8 m/s", "2": "330 m/s", "3": "1.25 x 10^8 m/s", "4": "224 x 10^8 m/s"}	3
108	1	Critical angle for water is:	{"1": "24°", "2": "49°", "3": "42°", "4": "35°"}	3
109	1	The pressure of H2 gas at a gas thermometer is 80cm at 0°C, 110cm at 100°C. At what temperature will it record 95cm pressure?	{"1": "50°C", "2": "75°C", "3": "95°C", "4": "150°C"}	2
110	1	Heat required to raise the temperature of a body through 1°C is known as:	{"1": "Specific heat capacity", "2": "Water equivalent", "3": "Molar specification", "4": "Thermal capacity"}	4
111	1	The diameter of a wire is reduced to half. Now the resistance changes by factor:	{"1": "2", "2": "4", "3": "8", "4": "16"}	4
129	3	A patient is generally advised to consume more meat, lentils, milk and egg when he/she suffers from:	{"1": "Rickets", "2": "Kwashiorkor", "3": "Anaemia", "4": "Scurvy"}	2
130	3	Tetanus disease is:	{"1": "Viral", "2": "Bacterial", "3": "Fungal", "4": "None"}	2
131	3	Kind of epithelium in inner lining of blood vessels?	{"1": "Cuboidal epithelium", "2": "Columnar", "3": "Ciliated columnar", "4": "Squamous epithelium"}	4
132	3	Which part of brain is involved in regulating body temperature?	{"1": "Medulla oblongata", "2": "Cerebrum", "3": "Cerebellum", "4": "Hypothalamus"}	4
133	3	Antibiotic was coined by:	{"1": "Pasteur", "2": "Edward Jenner", "3": "Fleming", "4": "Salman Waksman"}	4
134	3	Not a feature of Annelida?	{"1": "Closed circulatory system", "2": "Segmentation", "3": "Pseudocoelom", "4": "Ventral nerve cord"}	3
135	3	Evolutionary history of organism is:	{"1": "Phylogeny", "2": "Ancestry", "3": "Paleontology", "4": "Ontogeny"}	1
136	3	HIV that caused AIDS first starts destroying:	{"1": "B-Lymphocytes", "2": "Platelets", "3": "Leucocytes", "4": "Helper T-cells"}	4
137	3	Blood calcium level is lowered by deficiency of:	{"1": "Parathormone", "2": "Calcitonin", "3": "Thyroxine", "4": "Both b and c"}	1
138	3	1st healthy mammal to be cloned is:	{"1": "Molly sheep", "2": "Dolly sheep", "3": "Polly sheep", "4": "Monkey"}	2
139	3	Ribosome can also be called:	{"1": "Microsome", "2": "Oxyosome", "3": "Dictyosome", "4": "Ribonucleotide"}	1
140	3	The first transgenic crop is:	{"1": "Tobacco", "2": "Wheat", "3": "Tomato", "4": "Maize"}	1
141	3	Tobacco mosaic virus is:	{"1": "Rod shaped", "2": "Brick shaped", "3": "Spherical", "4": "None"}	1
142	3	Bacterial DNA is identified as:	{"1": "DNA only", "2": "DNA with histone", "3": "DNA without histone", "4": "DNA and RNA"}	3
143	3	Which is sensitive to SO2 pollution?	{"1": "Lichens", "2": "Algae", "3": "Mosses", "4": "Gymnosperms"}	1
144	3	Cause of motility in male gamete is:	{"1": "Phototaxis", "2": "Chemotaxis", "3": "Thermotaxis", "4": "Thermotropism"}	2
145	3	Milk is purified by:	{"1": "Fermentation", "2": "Pasteurisation", "3": "Preservation", "4": "Sterilisation"}	2
146	3	Pollution can bring change in:	{"1": "Abiotic environment", "2": "Biotic environment", "3": "Both a and b", "4": "Animals"}	3
147	3	BOD is:	{"1": "Biological oxygen deficit", "2": "Biosphere oxygen demand", "3": "Biological oxygen demand", "4": "None"}	3
148	3	Which part of cinchona is used as a drug?	{"1": "Bark", "2": "Leaf", "3": "Pericarp", "4": "Endosperm"}	1
149	5	Set A is a proper subset of B if:	{"1": "A-B ⊂ A", "2": "B-A ⊂ B", "3": "A ⊂ B", "4": "A ⊄ B"}	3
150	5	If A and B are two sets containing 10 and 20 distinct elements respectively, then the minimum number of elements in A∪B is:	{"1": "30", "2": "50", "3": "40", "4": "80"}	1
151	5	The value of |sin²θ-cos²θ|:	{"1": "2", "2": "-1", "3": "π", "4": "0"}	1
152	5	The sum of the series Sn = 1² + 2² + 3² + .....n² is:	{"1": "n(n+1)", "2": "n(n+1)(2n+1)/6", "3": "n(n+1)/2", "4": "(n+1)²/2"}	2
153	5	If 6, 18, 24, 162 .....are in G.S. then common ratio r is:	{"1": "12", "2": "9", "3": "3", "4": "7"}	3
154	5	If 2Sin²θ + √3Cosθ + 1 = 0, then θ =	{"1": "150°", "2": "120°", "3": "180°", "4": "90°"}	1
155	5	Let F→R be defined by f(x) = Sin X and g→R be defined by g(x) = x², then g∘f(x) =	{"1": "Sin²x", "2": "2Sinx", "3": "Sinx²", "4": "2Cosx"}	1
156	5	If Cosθ + Secθ = 2, then the value of Sec⁷θ + Cos⁵θ =	{"1": "2", "2": "1", "3": "1/2", "4": "√3"}	2
157	5	If 4 Sin⁻¹x + Cos⁻¹x = π then the value of x is:	{"1": "1", "2": "√3/2", "3": "1/√2", "4": "1/2"}	4
158	5	Find dy/dx, If x = at², y = 2at.	{"1": "t", "2": "t/2", "3": "2/t", "4": "1/t²"}	3
159	5	Find the derivative of e^(2x+3)	{"1": "2e^(2x)", "2": "2e^(2x+3)", "3": "2e^2", "4": "2e^(2x+6)"}	2
160	5	For parallel or anti-parallel vectors θ is:	{"1": "0° or 90°", "2": "90° or 180°", "3": "0° or 180°", "4": "180° or 360°"}	3
161	5	If a⃗ = i⃗ + j⃗ - k⃗ and b⃗, c⃗ are any two vectors. Find the angle between two.	{"1": "π/3", "2": "π/4", "3": "π/2", "4": "none"}	4
162	5	For what value of k, 3x² - 4kxy + 5y² = 0 represents a pair of co-incident lines?	{"1": "±2/√15", "2": "±3/√15", "3": "±5/√15", "4": "±4/√15"}	1
163	5	The lines are real and distinct if:	{"1": "h² > ab", "2": "h² < ab", "3": "h² = ab", "4": "none"}	1
164	5	The value of k for which the equation 2x² - 7xy + 3y² - 5x - 5y + k = 0 represents a pair of straight lines?	{"1": "4", "2": "-3", "3": "2", "4": "6"}	1
165	5	If ax + by + c₁ = 0 and ax + by + c₂ = 0 are two parallel lines, then distance between them is:	{"1": "|c₁-c₂|/√(a²+b²)", "2": "|c₁-c₂|/√a²+b²", "3": "|c₁-c₂|/√(a+b)", "4": "none"}	1
166	5	The equation of tangent to circle x² + y² + 4x - 6y - 13 = 0 at point (3,4) is:	{"1": "3x + 4y = 17", "2": "2x - 7y = 9", "3": "5x + y = 19", "4": "5x + 3y = 1"}	1
167	5	The straight line (x + y + 1) + λ(2x - y - 1) = 0 is perpendicular to the line 2x + 3y - 8 = 0, then λ =	{"1": "7", "2": "-5", "3": "1", "4": "3"}	2
168	5	If a polygon has same number of diagonals as its sides, it is a:	{"1": "pentagon", "2": "Hexagon", "3": "Heptagon", "4": "Octagon"}	3
169	5	A certain pump can drain a fuel 375 gallon tank in 15 minutes. At this rate, how many more minutes would it take to drain a full 600 gallon tank?	{"1": "24", "2": "18", "3": "15", "4": "9"}	4
170	5	From 1985 to 1990, the berry production of bush x increased by 20%. From 1990 to 1995, it increased by 30%. What was percentage increased in berry production over the entire 10 years 1985 to 1995?	{"1": "50%", "2": "53%", "3": "56%", "4": "60%"}	3
171	5	If f(x) = x + 2 and g(x) = x³, then f∘g(1) is:	{"1": "2", "2": "3", "3": "1", "4": "4"}	2
172	5	A business man marked the selling price of an article 20% above the cost price. If he sells the article at 10% discount on marked price, find the profit percentage?	{"1": "8%", "2": "12%", "3": "10%", "4": "14%"}	1
173	5	A women is 6 years younger to her husband and he is 5 times as old as his daughter. If daughter was 7 years old two years back, what is the age of woman?	{"1": "39 years", "2": "45 years", "3": "50 years", "4": "35 years"}	1
174	5	∫7x³/² dx is:	{"1": "14x^(5/2) + c", "2": "14/5x^(5/2) + c", "3": "5/14x^(5/2) + c", "4": "7/2x^(5/2) + c"}	2
175	5	∫dx/x√(x²-1) is:	{"1": "log(√(x²-1)) + c", "2": "2x + c", "3": "2√(x²-1)", "4": "2x² + c"}	1
176	5	In a building with 10 floors, the number of rooms in each floor is R. If each room has C chairs, total chairs in building is:	{"1": "10R + C", "2": "10R + 10C", "3": "10RC", "4": "10/RC"}	3
177	5	Solve for x: x-√(x-1) = √(x-2)	{"1": "1/3", "2": "3", "3": "1/2", "4": "2"}	2
178	5	Area of triangle with sides x = 0, y = 0 and 4x + 5y = 20 is:	{"1": "20", "2": "10", "3": "5", "4": "1"}	2
179	6	His pocket has been picked. It means:	{"1": "Picked his been his pocket", "2": "They have his pocket picked.", "3": "Someone has picked his pocket.", "4": "Picking has been done to his pocket."}	3
180	6	More serious from the parent's point of view than the increasing expenditure on children's education is finding a good school. The more serious thing is:	{"1": "The parent's point of view", "2": "finding a good school", "3": "Children's education", "4": "increasing education"}	2
181	6	Here's my report ----- it at last.	{"1": "I finish", "2": "I finished", "3": "I've finished", "4": "I'm finished"}	3
182	6	Your parents are very upset with you and you are regretting over the wrong doing.	{"1": "I wish they would understand me", "2": "I wish I could tell them the truth", "3": "I wish I hadn't disobeyed them", "4": "I wish they were happy"}	3
183	6	He gave up ............	{"1": "Smoke", "2": "to smoke", "3": "Smoking", "4": "to smoke"}	3
184	6	The professor and psychologist......... come.	{"1": "has", "2": "have", "3": "has", "4": "was"}	2
185	6	Where's Robert? ........ a shower?	{"1": "Does he have", "2": "Has he", "3": "Has he got", "4": "Is he having"}	4
186	6	An Englishman killed his mother for trying to save an Indian's life. The person trying to save the Indian's life..........	{"1": "was an English woman", "2": "was saved", "3": "was Killed", "4": "was an Indian"}	1
187	6	I didn't use to smoke in the past but these days I'm used to.......	{"1": "Smoke", "2": "smokes", "3": "Smoked", "4": "smoking"}	4
188	6	Indirect speech of: She said. "Good bye, my friend."	{"1": "She told her friends good bye.", "2": "She bade good bye to her friends.", "3": "She shouted good bye to her friends.", "4": "She shouted good bye to her friends."}	2
189	6	Fate smiles...... him in all his ventures.	{"1": "upon", "2": "at", "3": "with", "4": "for"}	1
190	6	The downfall of this dictatorial regime is ...	{"1": "imminent", "2": "eminent", "3": "urgent", "4": "optional"}	1
191	6	Unexpected change in somebody's fortune is called:	{"1": "Vicissitude", "2": "Verisimilitude", "3": "Fortunate", "4": "Catastrophe"}	1
192	6	It's time to take tea. It means .............	{"1": "tea should be taken", "2": "tea is to be taken", "3": "it's time for tea to be taken", "4": "tea should be taken now"}	4
193	6	When I looked round the door, the baby ......... quietly.	{"1": "is sleeping", "2": "slept", "3": "was sleeping", "4": "were sleeping"}	3
194	6	......... a party next Friday. We've sent out the invitations.	{"1": "We had", "2": "We have", "3": "We'll have", "4": "We are having"}	4
195	6	By 2020, I..... Bachelor's in science.	{"1": "complete", "2": "am completing", "3": "will complete", "4": "will have completed"}	4
196	6	Julia was out of breath because .........	{"1": "she had been running", "2": "She did run", "3": "she's been running", "4": "she's run"}	1
197	6	This house is ...of the two.	{"1": "the best", "2": "the better that", "3": "the better", "4": "better"}	3
198	6	At this time tomorrow....... Over the Pacific Ocean.	{"1": "we flying", "2": "we'll fly", "3": "we'll be flying", "4": "we to fly"}	3
199	7	What is the brain of a computer?	{"1": "RAM", "2": "CPU", "3": "Hard Disk", "4": "Monitor"}	2
112	2	Who discovered electron?	{"1": "Thomson", "2": "Goldstein", "3": "Rutherford", "4": "Chadwick"}	1
113	2	Which of the following is called red planet?	{"1": "Venus", "2": "Mercury", "3": "Mars", "4": "Jupiter"}	3
114	2	The waste material present in an ore is called:	{"1": "Flux", "2": "Alloy", "3": "Gangue", "4": "Slag"}	3
115	2	Vapour density of a gas is 22. Its molecular weight will be:	{"1": "33", "2": "22", "3": "44", "4": "11"}	3
116	2	If 30g of Mg and 30g of O2 are reacted, then the residual mixture contains:	{"1": "40g MgO + 20g O2", "2": "45g MgO + 15g O2", "3": "50g MgO + 10g O2", "4": "60g MgO only"}	3
117	2	Which of the following set of quantum number is not possible?	{"1": "n = 2, l = 1, m = 0, s = +1/2", "2": "n = 2, l = 2, m = +1, s = -1/2", "3": "n = 2, l = 1, m = -1, s = +1/2", "4": "n = 2, l = 1, m = 0, s = -1/2"}	2
118	2	Radioactivity was discovered by:	{"1": "Henry Becquerel", "2": "Rutherford", "3": "J.J Thompson", "4": "Madam Curie"}	1
119	2	Which of the following expression at pressure represents Charles' law?	{"1": "V α 1/T", "2": "V α 1/T²", "3": "V α T", "4": "V = d"}	3
120	2	Solid CO2 is an example of:	{"1": "Ionic crystal", "2": "Covalent crystal", "3": "Metallic crystal", "4": "Molecular crystal"}	4
121	2	Which bond has maximum M.P. and B.P?	{"1": "Ionic", "2": "Covalent", "3": "CO-ordinate covalent", "4": "Hydrogen bond"}	1
122	2	The atomic no. of an element is 38. In which block does it lie?	{"1": "s-block", "2": "p-block", "3": "d-block", "4": "f-block"}	1
123	2	During fermentation of glucose the enzyme used is:	{"1": "Zymase", "2": "Lipase", "3": "Invertase", "4": "Amylase"}	1
124	2	What is the empirical formula of a hydrocarbon containing 75% carbon?	{"1": "C2H4", "2": "CH4", "3": "C3H9", "4": "C2H6"}	2
125	2	Example of amphoteric oxide is:	{"1": "SO2", "2": "Na2O", "3": "ZnO", "4": "NO"}	3
126	2	Colour pigments can be separated by:	{"1": "Filtration", "2": "Distillation", "3": "Chromatography", "4": "Sublimation"}	3
127	2	Which one is manufactured from sea weeds?	{"1": "F2", "2": "I2", "3": "Cl2", "4": "Br2"}	2
128	2	The gas used in welding of iron or steel is:	{"1": "Methane", "2": "Ethane", "3": "Ethylene", "4": "Acetylene"}	4
200	10	Which planet is known as the Red Planet?	{"1": "Earth", "2": "Mars", "3": "Jupiter", "4": "Venus"}	2
201	10	Who wrote the national anthem of India?	{"1": "Rabindranath Tagore", "2": "Mahatma Gandhi", "3": "Jawaharlal Nehru", "4": "Subhash Chandra Bose"}	1
202	10	What is the capital city of Nepal?	{"1": "Pokhara", "2": "Kathmandu", "3": "Lalitpur", "4": "Bhaktapur"}	2
203	10	Which gas is essential for us to breathe?	{"1": "Carbon Dioxide", "2": "Hydrogen", "3": "Oxygen", "4": "Nitrogen"}	3
204	10	Who was the first man to walk on the Moon?	{"1": "Neil Armstrong", "2": "Yuri Gagarin", "3": "Buzz Aldrin", "4": "Michael Collins"}	1
205	10	What is the largest mammal in the world?	{"1": "Elephant", "2": "Blue Whale", "3": "Giraffe", "4": "Hippopotamus"}	2
206	10	In which continent is the Sahara Desert located?	{"1": "Asia", "2": "Africa", "3": "Australia", "4": "South America"}	2
207	10	Who is the current Secretary-General of the United Nations (as of 2024)?	{"1": "Ban Ki-moon", "2": "Antonio Guterres", "3": "Kofi Annan", "4": "Tedros Adhanom"}	2
208	10	Which country is known as the Land of the Rising Sun?	{"1": "China", "2": "Nepal", "3": "Japan", "4": "Thailand"}	3
209	10	What is the smallest prime number?	{"1": "0", "2": "1", "3": "2", "4": "3"}	3
210	10	Which organ purifies our blood?	{"1": "Lungs", "2": "Heart", "3": "Kidney", "4": "Liver"}	3
211	10	What is the boiling point of water in Celsius?	{"1": "100", "2": "0", "3": "50", "4": "120"}	1
212	10	Which festival is known as the festival of lights?	{"1": "Holi", "2": "Diwali", "3": "Eid", "4": "Christmas"}	2
213	10	Who discovered gravity?	{"1": "Einstein", "2": "Galileo", "3": "Newton", "4": "Faraday"}	3
214	10	How many continents are there?	{"1": "5", "2": "6", "3": "7", "4": "8"}	3
215	10	Which bird is known for its mimicry of human speech?	{"1": "Crow", "2": "Sparrow", "3": "Parrot", "4": "Peacock"}	3
216	10	Which metal is liquid at room temperature?	{"1": "Iron", "2": "Mercury", "3": "Gold", "4": "Silver"}	2
217	10	What color do you get when you mix red and blue?	{"1": "Green", "2": "Purple", "3": "Brown", "4": "Pink"}	2
218	10	Which vitamin is known as the sunshine vitamin?	{"1": "Vitamin A", "2": "Vitamin C", "3": "Vitamin D", "4": "Vitamin B"}	3
219	10	Which is the largest ocean in the world?	{"1": "Atlantic Ocean", "2": "Indian Ocean", "3": "Arctic Ocean", "4": "Pacific Ocean"}	4
\.


--
-- Data for Name: mock_tests; Type: TABLE DATA; Schema: public; Owner: -
--

COPY public.mock_tests (id, stream_id, title, time_limit) FROM stdin;
1	1	Digital Logic	10
2	1	C Programming	10
3	1	Mathematics I	10
4	2	Computer Science	75
5	2	Biology	75
\.


--
-- Data for Name: notifications; Type: TABLE DATA; Schema: public; Owner: -
--

COPY public.notifications (id, user_id, message, is_read, created_at) FROM stdin;
11	93	You have been surpassed by Bijay Codes in Digital Logic test.	f	2025-05-10 09:53:01.798+00
12	4	You have been surpassed by Bijay Codes in Digital Logic test.	f	2025-05-10 09:53:30.251+00
13	15	You have been surpassed by Bijay Codes in Digital Logic test.	f	2025-05-10 09:53:30.251+00
14	21	You have been surpassed by Bijay Codes in Digital Logic test.	f	2025-05-10 09:53:30.251+00
15	11	You have been surpassed by Bijay Codes in Digital Logic test.	f	2025-05-10 09:53:30.252+00
17	19	You have been surpassed by Bijay Codes in Digital Logic test.	f	2025-05-10 09:53:30.252+00
16	24	You have been surpassed by Bijay Codes in Digital Logic test.	f	2025-05-10 09:53:30.252+00
18	24	You have been surpassed by Pabitra Khadka in Digital Logic test.	f	2025-05-10 09:55:10.95+00
19	19	You have been surpassed by Pabitra Khadka in Digital Logic test.	f	2025-05-10 09:55:10.95+00
20	93	You have been surpassed by Pabitra Khadka in Digital Logic test.	f	2025-05-10 09:55:10.95+00
26	20	You have been surpassed by Bijay Codes in Digital Logic test.	t	2025-05-10 10:17:53.483783+00
10	20	You have been surpassed by Bijay Codes in Digital Logic test.	t	2025-05-10 09:51:52.218+00
21	20	You have been surpassed by Bijay Codes in Digital Logic test.	t	2025-05-10 10:17:53.483783+00
22	20	You have been surpassed by Bijay Codes in Digital Logic test.	t	2025-05-10 10:17:53.483783+00
23	20	You have been surpassed by Bijay Codes in Digital Logic test.	t	2025-05-10 10:17:53.483783+00
25	20	You have been surpassed by Bijay Codes in Digital Logic test.	t	2025-05-10 10:17:53.483783+00
24	20	You have been surpassed by Bijay Codes in Digital Logic test.	t	2025-05-10 10:17:53.483783+00
28	20	You have been surpassed by Bijay Codes in Digital Logic test.	t	2025-05-10 10:17:53.483783+00
27	20	You have been surpassed by Bijay Codes in Digital Logic test.	t	2025-05-10 10:17:53.483783+00
31	20	You have been surpassed by Bijay Codes in Digital Logic test.	t	2025-05-10 10:17:53.483783+00
30	20	You have been surpassed by Bijay Codes in Digital Logic test.	t	2025-05-10 10:17:53.483783+00
29	20	You have been surpassed by Bijay Codes in Digital Logic test.	t	2025-05-10 10:17:53.483783+00
32	20	You have been surpassed by Bijay Codes in Digital Logic test.	t	2025-05-10 10:17:53.483783+00
33	20	You have been surpassed by Bijay Codes in Digital Logic test.	t	2025-05-10 10:17:53.483783+00
34	20	You have been surpassed by Bijay Codes in Digital Logic test.	t	2025-05-10 10:17:53.483783+00
35	20	You have been surpassed by Bijay Codes in Digital Logic test.	t	2025-05-10 10:17:53.483783+00
36	20	You have been surpassed by Bijay Codes in Digital Logic test.	t	2025-05-10 10:17:53.483783+00
37	20	You have been surpassed by Bijay Codes in Digital Logic test.	t	2025-05-10 10:17:53.483783+00
38	20	You have been surpassed by Bijay Codes in Digital Logic test.	t	2025-05-10 10:17:53.483783+00
39	20	You have been surpassed by Bijay Codes in Digital Logic test.	t	2025-05-10 10:17:53.483783+00
40	20	You have been surpassed by Bijay Codes in Digital Logic test.	t	2025-05-10 10:17:53.483783+00
\.


--
-- Data for Name: sections; Type: TABLE DATA; Schema: public; Owner: -
--

COPY public.sections (id, name, question_count, marks_per_question, negative_marking) FROM stdin;
1	Main	10	1	0
2	Chemistry	20	1	0
3	Biology	20	1	0
4	Physics	20	1	0
5	Mathematics	20	1	0
6	English	10	1	0
7	Computer Science	20	1	0
8	main	10	1	0
9	main	10	1	0
10	Genaral Knowledge	10	1	0
\.


--
-- Data for Name: streams; Type: TABLE DATA; Schema: public; Owner: -
--

COPY public.streams (id, name) FROM stdin;
1	BCA
2	+2 Entrance
\.


--
-- Data for Name: test_section_links; Type: TABLE DATA; Schema: public; Owner: -
--

COPY public.test_section_links (mock_test_id, section_id, test_id) FROM stdin;
1	1	\N
2	8	\N
3	9	\N
4	2	\N
4	4	\N
4	5	\N
4	6	\N
4	7	\N
4	10	\N
5	2	\N
5	3	\N
5	10	\N
\.


--
-- Data for Name: testimonials; Type: TABLE DATA; Schema: public; Owner: -
--

COPY public.testimonials (id, full_name, email, testimonial, exam_type, rating, anonymous, profile_photo, created_at) FROM stdin;
1	Bijay Codes	andreysandrey@gmail.com	hey man	3	5	f	1jN3a62Xw2Ye6JJCHcthxCu-cxgt1exAW	2025-05-09 10:08:22.58+00
2	Bijay Codes	andreysandrey@gmail.com	hey man	1	5	f	1kObSuQFJ8LL_MgO8QMIYLAOnW-uLclac	2025-05-09 13:46:35.632+00
3	Bijay Codes	andreysandrey@gmail.com	hey man 2	1	5	f	1Llxvt9T2RdIoknH7rxJce0cKSvoMYM_Q	2025-05-09 13:48:11.447+00
4	Bijay Codes	andreysandrey@gmail.com	hey man 23	1	5	f	1SRj9vucxtPsdH9u2TymecfEO13F60GNd	2025-05-09 13:50:01.531+00
5	Bijay Codes	andreysandrey@gmail.com	hey man 	Digital Logic (BCA)	5	f	1WzTuG11WgsSqv3ChHceolSamPWCXDqYB	2025-05-09 13:52:47.918+00
6	Bijay Codes	andreysandrey@gmail.com	dsaasfdd	Digital Logic (BCA)	5	f	\N	2025-05-09 13:54:23.491+00
7	Bijay Codes	andreysandrey@gmail.com	dsaasfdd	Digital Logic (BCA)	5	f	1C0ufNNIq6JlU2fioobbohfNvL9JH6M7c	2025-05-09 13:54:32.55+00
8	Bijay Codes	andreysandrey@gmail.com	hye buddy	Digital Logic (BCA)	5	f	\N	2025-05-09 15:11:32.575+00
9	Bijay Codes	andreysandrey@gmail.com	cdsffds	Digital Logic (BCA)	5	f	\N	2025-05-09 15:17:43.902+00
10	Bijay Codes	andreysandrey@gmail.com	' OR 1=1 --\r\n' OR '1'='1' --\r\nadmin' --\r\n' OR 1=1 LIMIT 1 --\r\n'; DROP TABLE users; --	Digital Logic (BCA)	5	f	\N	2025-05-09 15:25:10.536+00
\.


--
-- Data for Name: user_scores; Type: TABLE DATA; Schema: public; Owner: -
--

COPY public.user_scores (id, user_id, mock_test_id, score, elapsed_time, created_at) FROM stdin;
3711	94	1	0	4	2025-05-10 09:20:57.975+00
4217	1	1	8	42	2025-05-10 09:51:52.187+00
3712	19	2	10	461	2025-05-07 16:06:24.484+00
3713	90	4	8	407	2025-05-06 23:58:28.526+00
3714	15	4	10	554	2025-05-07 13:18:44.598+00
3715	7	2	9	387	2025-05-08 16:22:38.062+00
3716	90	3	7	557	2025-05-07 09:29:37.853+00
3717	12	2	10	339	2025-05-07 16:20:26.085+00
3718	93	4	10	244	2025-05-04 02:24:47.133+00
3719	23	3	7	341	2025-05-07 04:17:12.731+00
3720	94	3	9	539	2025-05-04 16:35:35.41+00
3721	18	3	7	253	2025-05-07 13:11:37.347+00
3722	93	2	7	450	2025-05-04 09:23:15.253+00
3723	7	3	7	352	2025-05-05 07:59:25.126+00
3724	7	2	10	303	2025-05-05 06:49:17.589+00
3725	25	4	7	418	2025-05-08 09:16:53.086+00
3726	18	3	8	336	2025-05-05 17:25:06.504+00
3727	7	1	7	367	2025-05-06 17:45:46.898+00
3728	26	4	9	379	2025-05-07 04:36:47.27+00
3729	93	5	8	337	2025-05-04 16:09:48.544+00
3730	16	1	9	350	2025-05-08 06:22:37.179+00
3731	10	1	9	384	2025-05-07 15:49:29.348+00
3732	8	5	7	535	2025-05-06 04:13:48.846+00
3733	2	2	9	265	2025-05-08 02:27:44.18+00
3734	6	1	7	581	2025-05-07 02:00:39.156+00
3735	13	2	9	319	2025-05-10 00:06:18.11+00
3737	93	3	7	228	2025-05-06 02:58:41.704+00
3738	2	5	8	333	2025-05-07 00:03:57.421+00
3739	19	2	8	344	2025-05-05 14:01:16.259+00
3740	15	5	10	529	2025-05-04 16:35:29.747+00
3741	20	1	7	559	2025-05-08 17:28:23.514+00
3742	5	4	7	535	2025-05-08 21:09:11.806+00
3743	5	1	10	391	2025-05-09 10:38:33.033+00
3744	19	4	8	336	2025-05-09 05:01:08.479+00
3745	26	5	9	279	2025-05-06 16:48:53.916+00
3746	94	3	7	514	2025-05-08 23:41:09.309+00
3747	10	3	9	594	2025-05-04 04:32:07.161+00
3748	3	5	10	237	2025-05-05 23:09:28.921+00
3749	90	2	10	218	2025-05-08 15:41:20.369+00
3750	11	3	8	494	2025-05-08 01:06:10.618+00
3751	4	4	9	492	2025-05-04 00:33:06.116+00
3752	8	3	8	398	2025-05-04 21:29:48.623+00
3753	17	4	9	351	2025-05-08 19:46:17.238+00
3754	7	3	10	314	2025-05-08 07:53:18.306+00
3755	2	4	7	495	2025-05-06 07:23:24.438+00
3757	18	1	8	383	2025-05-09 16:39:31.611+00
3758	94	4	7	440	2025-05-08 12:18:57.414+00
3759	22	4	8	522	2025-05-08 14:20:54.977+00
3760	4	2	9	277	2025-05-09 14:07:24.853+00
3761	12	2	10	519	2025-05-07 15:09:06.075+00
3762	23	4	9	352	2025-05-07 20:42:05.343+00
3763	8	3	7	290	2025-05-03 13:08:59.152+00
3764	94	2	8	264	2025-05-10 05:24:42.832+00
3765	16	2	10	598	2025-05-10 04:08:55.949+00
3766	24	4	9	424	2025-05-06 12:02:51.053+00
3767	22	5	7	231	2025-05-06 13:11:00.522+00
3768	19	5	9	509	2025-05-06 23:55:01.787+00
3769	9	1	9	563	2025-05-06 04:57:03.523+00
3770	21	2	7	460	2025-05-03 12:16:11.822+00
3771	6	1	10	208	2025-05-09 23:41:12.26+00
3772	5	4	9	501	2025-05-04 07:11:12.123+00
3773	9	2	10	367	2025-05-03 16:32:02.537+00
3774	7	4	10	487	2025-05-04 05:59:29.341+00
3775	18	1	9	364	2025-05-09 12:23:19.544+00
3776	26	4	10	340	2025-05-10 04:04:31.746+00
3777	8	3	8	252	2025-05-09 16:47:04.763+00
3778	19	5	7	472	2025-05-04 01:46:41.741+00
3779	5	4	10	576	2025-05-05 01:21:19.241+00
3780	9	2	7	571	2025-05-05 22:19:32.602+00
3781	20	5	7	307	2025-05-08 16:43:50.153+00
3782	93	3	8	422	2025-05-04 01:34:25.681+00
3783	26	2	9	226	2025-05-05 00:32:06.866+00
3784	5	1	7	260	2025-05-06 08:43:04.647+00
3785	13	5	9	370	2025-05-03 16:30:38.456+00
3786	4	5	8	477	2025-05-09 19:55:58.415+00
3787	21	3	8	423	2025-05-04 07:42:46.265+00
3788	17	5	9	281	2025-05-09 15:13:51.727+00
3789	19	5	7	596	2025-05-09 22:38:55.73+00
3790	20	4	10	523	2025-05-08 13:04:04.597+00
3791	9	3	7	569	2025-05-10 03:26:15.356+00
3792	16	3	7	389	2025-05-04 10:12:00.067+00
3793	13	1	8	584	2025-05-06 01:11:18.89+00
3794	14	5	10	430	2025-05-07 17:20:47.02+00
3795	20	4	9	474	2025-05-06 20:31:55.135+00
3797	3	3	7	441	2025-05-07 18:45:15.525+00
3798	25	4	10	259	2025-05-03 11:37:38.199+00
3799	3	2	7	537	2025-05-10 01:05:50.499+00
3800	26	2	10	410	2025-05-06 21:37:01.953+00
3801	13	4	9	490	2025-05-07 08:30:38.22+00
3802	23	3	7	590	2025-05-06 13:46:34.443+00
3803	8	2	10	559	2025-05-09 21:40:19.159+00
3804	94	1	7	302	2025-05-07 23:10:00.432+00
3805	25	2	10	460	2025-05-08 11:35:12.507+00
3806	3	1	7	201	2025-05-08 17:29:52.271+00
3807	9	4	7	330	2025-05-05 05:44:04.113+00
3808	8	5	9	311	2025-05-05 09:24:36.522+00
3809	19	3	10	396	2025-05-05 06:05:52.413+00
3810	90	5	7	499	2025-05-05 04:22:39.394+00
3811	24	5	9	238	2025-05-09 13:37:21.004+00
4115	11	5	8	215	2025-05-08 10:49:11.924+00
4116	22	4	9	410	2025-05-05 16:24:57.113+00
4117	14	1	10	485	2025-05-06 16:05:01.652+00
4118	3	4	7	515	2025-05-05 12:32:52.049+00
4119	18	1	10	500	2025-05-09 16:57:56.324+00
4120	21	5	10	203	2025-05-08 20:14:32.54+00
4122	18	5	9	428	2025-05-04 04:17:40.356+00
4123	23	3	7	397	2025-05-05 12:41:53.716+00
4124	93	5	7	261	2025-05-07 06:40:24.362+00
4125	15	3	7	583	2025-05-09 09:47:31.48+00
4127	90	3	9	323	2025-05-09 15:24:09.806+00
4128	7	1	8	546	2025-05-09 10:52:44.474+00
4129	6	2	7	400	2025-05-04 16:58:30.066+00
4130	21	1	8	577	2025-05-05 05:45:07.86+00
4131	15	1	8	343	2025-05-07 19:11:29.479+00
4132	21	4	7	251	2025-05-07 11:12:02.114+00
4134	18	1	9	247	2025-05-10 05:49:44.807+00
4135	13	4	10	492	2025-05-10 06:31:44.156+00
4136	94	1	10	488	2025-05-04 20:23:40.363+00
4137	24	2	7	227	2025-05-08 18:21:55.092+00
4138	11	4	9	518	2025-05-05 11:30:03.392+00
4139	2	1	7	287	2025-05-05 02:12:24.245+00
4140	7	5	7	431	2025-05-09 10:50:23.846+00
4141	2	1	8	245	2025-05-08 18:03:06.912+00
4142	26	5	8	286	2025-05-07 01:00:34.809+00
4144	12	1	9	313	2025-05-07 03:34:22.099+00
4145	18	2	10	584	2025-05-08 06:57:12.395+00
4147	94	1	10	263	2025-05-06 01:46:19.132+00
4148	12	1	9	226	2025-05-06 20:25:01.753+00
4149	9	3	8	228	2025-05-03 23:04:02.601+00
4150	25	1	8	297	2025-05-08 10:57:01.853+00
3813	17	2	8	435	2025-05-05 22:16:35.327+00
3814	7	3	9	256	2025-05-07 19:59:32.781+00
3815	17	1	9	437	2025-05-09 05:38:22.903+00
3816	19	3	10	287	2025-05-07 04:30:36.507+00
3817	6	4	8	278	2025-05-10 08:39:51.972+00
3818	17	1	8	297	2025-05-08 11:02:21.333+00
3819	5	4	7	215	2025-05-05 08:55:45.859+00
3820	10	4	8	435	2025-05-05 04:26:59.052+00
3821	7	1	9	515	2025-05-04 12:01:11.664+00
3822	6	2	9	595	2025-05-08 01:40:13.812+00
3823	7	1	8	415	2025-05-08 22:56:12.876+00
3824	3	1	9	487	2025-05-04 14:08:11.824+00
3826	20	2	8	570	2025-05-06 10:24:11.607+00
3827	13	2	7	580	2025-05-03 20:18:05.78+00
3828	5	5	10	448	2025-05-03 16:51:30.206+00
3829	6	4	8	223	2025-05-04 02:32:15.689+00
3830	17	3	8	261	2025-05-04 14:05:39.429+00
3831	16	5	9	587	2025-05-08 11:07:00.637+00
3832	4	2	10	391	2025-05-04 16:28:42.732+00
3833	9	1	10	541	2025-05-10 05:11:15.221+00
3834	16	5	8	433	2025-05-04 05:26:19.83+00
3835	15	4	10	329	2025-05-06 21:44:40.481+00
3836	25	4	9	234	2025-05-09 18:48:15.675+00
3837	24	3	8	557	2025-05-07 06:52:41.355+00
3838	3	4	10	248	2025-05-06 08:07:09.721+00
3839	3	1	10	438	2025-05-07 19:49:32.213+00
3840	94	3	10	221	2025-05-07 10:04:21.203+00
3841	26	4	7	267	2025-05-05 18:30:20.433+00
3842	14	2	7	533	2025-05-03 11:34:03.562+00
3843	3	5	8	578	2025-05-08 00:05:47.185+00
3844	4	5	9	500	2025-05-08 01:42:39.48+00
3845	18	5	10	502	2025-05-08 02:13:41.675+00
3846	16	1	7	301	2025-05-09 23:34:39.608+00
3847	19	2	9	211	2025-05-05 12:22:51.976+00
3848	23	1	7	327	2025-05-06 23:56:01.831+00
3849	90	4	10	327	2025-05-06 21:24:23.163+00
3850	6	4	9	437	2025-05-03 22:38:37.457+00
3851	11	2	8	368	2025-05-06 21:18:23.304+00
3852	4	2	7	416	2025-05-08 23:41:08.886+00
3853	23	5	7	459	2025-05-05 09:40:44.426+00
3854	12	1	8	515	2025-05-06 19:42:41.787+00
3855	4	5	10	226	2025-05-04 07:52:37.12+00
3856	9	2	8	417	2025-05-08 21:46:58.611+00
3857	4	3	7	562	2025-05-08 22:00:10.855+00
3858	20	5	8	282	2025-05-10 02:51:24.643+00
3859	18	1	10	334	2025-05-06 04:21:11.773+00
3860	25	1	9	328	2025-05-09 05:16:10.393+00
3861	17	1	9	229	2025-05-06 23:57:36.967+00
3863	94	2	10	456	2025-05-08 00:37:27.623+00
3864	15	2	10	323	2025-05-06 23:17:50.673+00
3865	9	5	9	439	2025-05-03 20:44:29.699+00
3866	90	1	7	588	2025-05-07 11:19:55.442+00
3867	3	1	10	527	2025-05-05 16:56:49.265+00
3868	10	1	10	548	2025-05-03 22:46:53.463+00
3869	7	4	9	430	2025-05-09 13:44:01.317+00
3870	19	5	7	452	2025-05-10 07:36:22.487+00
3871	3	3	7	335	2025-05-04 23:21:32.349+00
3872	3	4	9	333	2025-05-10 01:28:01.673+00
3873	25	2	7	565	2025-05-05 13:17:05.294+00
3874	14	1	7	537	2025-05-04 06:51:28.507+00
3875	94	5	9	255	2025-05-08 12:20:24.793+00
3876	19	2	10	407	2025-05-09 01:28:45.498+00
3877	3	5	9	301	2025-05-06 00:21:42.781+00
3878	24	5	9	501	2025-05-06 23:09:18.695+00
3879	14	3	7	400	2025-05-04 00:18:08.322+00
3880	26	4	10	494	2025-05-08 09:16:15.942+00
3881	93	4	10	421	2025-05-04 22:15:04.459+00
3882	22	1	10	251	2025-05-09 21:48:42.838+00
3883	8	3	10	248	2025-05-05 08:19:44.751+00
3884	2	1	10	461	2025-05-10 05:08:02.077+00
3885	5	4	9	252	2025-05-08 02:41:41.689+00
3886	14	1	10	203	2025-05-07 22:22:36.968+00
3887	8	3	9	282	2025-05-06 19:31:56.89+00
3888	19	3	10	405	2025-05-05 20:08:53.327+00
3889	13	3	8	295	2025-05-10 01:55:54.226+00
3890	16	1	10	387	2025-05-03 12:49:13.477+00
3891	7	3	8	334	2025-05-06 13:07:06.504+00
3892	24	3	8	243	2025-05-07 20:51:33.758+00
3893	10	3	10	215	2025-05-07 14:57:30.854+00
3894	22	3	8	422	2025-05-09 15:33:56.842+00
3895	8	2	9	394	2025-05-08 18:26:36.268+00
3896	26	3	8	357	2025-05-09 02:16:23.164+00
3897	15	4	10	509	2025-05-06 23:14:37.586+00
3898	25	1	10	262	2025-05-04 17:09:58.224+00
3900	16	4	8	505	2025-05-09 06:25:25.382+00
3901	10	1	9	571	2025-05-03 15:39:56.182+00
3902	90	3	9	450	2025-05-08 15:17:14.183+00
3903	22	2	10	428	2025-05-09 22:10:24.511+00
3904	14	2	10	541	2025-05-07 02:30:25.506+00
3905	6	1	7	420	2025-05-07 18:57:27.29+00
3906	10	5	7	554	2025-05-04 04:38:47.442+00
3907	7	5	7	334	2025-05-09 02:24:12.158+00
3908	23	5	10	314	2025-05-03 23:33:40.61+00
3909	16	4	8	247	2025-05-08 19:59:02.88+00
3910	8	3	9	507	2025-05-06 20:38:43.354+00
3911	8	3	9	595	2025-05-09 09:04:21.366+00
3912	9	4	7	438	2025-05-07 12:52:40.314+00
4151	15	2	9	273	2025-05-04 08:44:38.929+00
4152	8	3	8	209	2025-05-07 01:52:04.073+00
4153	24	3	8	266	2025-05-08 08:00:29.195+00
4154	24	1	7	349	2025-05-08 08:27:08.132+00
4155	11	5	10	307	2025-05-07 18:36:09.088+00
4156	13	2	9	488	2025-05-04 00:49:07.895+00
4157	24	4	9	329	2025-05-03 21:02:11.519+00
4158	2	1	10	372	2025-05-06 17:25:45.972+00
4159	18	2	9	248	2025-05-07 00:25:50.256+00
4160	13	2	9	410	2025-05-05 23:23:57.427+00
4161	16	5	8	552	2025-05-08 15:59:21.026+00
4162	24	2	9	554	2025-05-04 22:45:56.218+00
4163	19	1	7	495	2025-05-08 19:04:17.282+00
4164	90	1	7	237	2025-05-10 08:52:05.684+00
4165	12	1	7	362	2025-05-06 07:30:36.143+00
4166	10	3	9	523	2025-05-07 14:23:49.664+00
4167	19	3	10	328	2025-05-10 07:32:03.594+00
4168	14	2	8	219	2025-05-08 08:58:54.687+00
4169	3	5	8	287	2025-05-07 08:21:48.313+00
4170	13	1	10	307	2025-05-07 15:56:53.124+00
4171	20	3	8	341	2025-05-08 21:12:18.303+00
4172	21	2	7	402	2025-05-10 06:45:31.261+00
4174	23	1	10	442	2025-05-05 19:43:49.396+00
4175	7	3	8	587	2025-05-08 23:34:31.848+00
4176	3	3	9	585	2025-05-06 17:13:55.741+00
4177	5	3	10	361	2025-05-09 14:23:14.966+00
4178	9	3	10	556	2025-05-09 03:23:31.484+00
4179	9	5	10	227	2025-05-04 02:27:24.64+00
4180	93	5	8	575	2025-05-08 23:24:16.167+00
4181	13	4	9	318	2025-05-10 09:26:36.042+00
4182	8	2	9	371	2025-05-04 00:52:33.226+00
4183	12	3	7	518	2025-05-10 02:42:14.909+00
4184	23	5	7	357	2025-05-04 20:31:16.953+00
4185	12	1	7	529	2025-05-05 22:55:41.097+00
3913	18	3	8	472	2025-05-04 22:26:36.314+00
3914	93	2	7	251	2025-05-10 02:26:25.571+00
3915	11	2	9	275	2025-05-03 16:58:11.942+00
3916	21	2	10	202	2025-05-04 15:35:18.213+00
3917	17	4	9	320	2025-05-06 01:04:31.421+00
3918	12	5	7	478	2025-05-07 04:07:51.158+00
3919	23	2	9	569	2025-05-05 04:28:36.968+00
3920	20	3	9	290	2025-05-09 20:27:21.422+00
3921	25	2	8	564	2025-05-06 12:32:02.854+00
3922	7	4	10	521	2025-05-06 12:36:21.081+00
3923	14	3	10	577	2025-05-10 02:37:38.372+00
3924	8	5	8	455	2025-05-09 10:24:39.791+00
3925	23	3	9	261	2025-05-05 23:23:56.22+00
3926	3	1	9	302	2025-05-09 00:21:22.953+00
3927	22	5	7	505	2025-05-06 20:05:20.161+00
3928	26	5	10	312	2025-05-04 12:06:44.467+00
3929	12	5	7	396	2025-05-04 18:18:33.365+00
3930	16	5	10	550	2025-05-09 08:57:03.427+00
3931	10	4	8	459	2025-05-06 05:37:10.022+00
3932	13	5	9	207	2025-05-05 19:14:42.628+00
3933	18	4	8	407	2025-05-03 14:32:41.626+00
3934	22	5	10	273	2025-05-07 13:19:34.294+00
3935	3	3	8	228	2025-05-06 04:08:06.908+00
3936	13	5	9	279	2025-05-05 14:25:06.915+00
3937	2	2	9	455	2025-05-10 01:47:54.934+00
3938	17	1	9	524	2025-05-05 11:34:17.765+00
3939	26	1	9	202	2025-05-09 16:36:24.097+00
3940	24	4	10	436	2025-05-04 22:34:18.559+00
3941	12	1	7	551	2025-05-07 15:27:18.064+00
3942	94	2	7	308	2025-05-03 22:49:23.128+00
3943	24	5	9	287	2025-05-08 20:14:31.709+00
3944	9	1	7	336	2025-05-07 06:41:06.747+00
3945	3	2	10	350	2025-05-10 04:14:48.093+00
3946	26	1	8	558	2025-05-07 16:02:22.553+00
3947	7	3	8	242	2025-05-05 13:51:55.175+00
3948	3	3	7	529	2025-05-09 12:07:03.157+00
3949	8	2	10	406	2025-05-06 19:23:12.372+00
3950	25	2	9	305	2025-05-03 13:09:48.238+00
3951	6	1	10	315	2025-05-05 12:40:38.33+00
3952	7	4	10	362	2025-05-09 22:23:13.763+00
3953	18	2	8	544	2025-05-04 04:18:20.308+00
3954	4	2	10	541	2025-05-07 05:51:16.384+00
3955	20	4	7	302	2025-05-08 04:39:44.279+00
3956	2	3	7	460	2025-05-04 02:11:55.744+00
3957	18	2	9	402	2025-05-08 18:31:56.632+00
3958	94	1	9	308	2025-05-04 00:59:04.304+00
3959	15	3	9	485	2025-05-04 02:43:25.033+00
3960	23	2	8	251	2025-05-06 14:05:43.584+00
3961	14	1	10	589	2025-05-10 08:27:40.431+00
3962	25	4	8	342	2025-05-07 22:56:14.073+00
3963	18	4	8	213	2025-05-08 08:35:54.386+00
3964	3	1	10	472	2025-05-04 10:39:13.699+00
3965	8	1	8	475	2025-05-03 12:25:20.665+00
3966	6	5	7	467	2025-05-08 04:31:27.121+00
3967	8	1	10	308	2025-05-06 04:38:04.047+00
3968	12	2	7	241	2025-05-08 08:52:15.902+00
3969	11	3	9	339	2025-05-05 03:00:15.725+00
3970	93	4	9	403	2025-05-08 04:31:41.402+00
3971	11	3	10	524	2025-05-04 21:25:04.204+00
3972	6	2	9	392	2025-05-08 19:32:25.069+00
3973	7	3	7	494	2025-05-09 17:18:17.161+00
3974	22	5	8	562	2025-05-03 23:24:25.382+00
3975	94	2	9	386	2025-05-04 23:39:56.794+00
3976	19	3	10	231	2025-05-04 20:38:39.215+00
3977	23	1	9	453	2025-05-05 06:38:58.073+00
3979	21	2	7	279	2025-05-05 20:01:18.867+00
3981	93	1	9	589	2025-05-05 20:56:14.174+00
3982	26	4	10	514	2025-05-08 08:08:56.34+00
3983	13	1	10	383	2025-05-04 01:44:55.783+00
3984	16	1	8	392	2025-05-04 03:57:08.81+00
3985	3	1	10	410	2025-05-03 11:39:39.05+00
3986	26	2	10	250	2025-05-03 15:42:53.698+00
3987	12	4	7	425	2025-05-04 00:44:43.53+00
3988	7	1	10	535	2025-05-08 00:38:08.532+00
3989	94	3	8	451	2025-05-07 22:16:19.651+00
3990	19	1	7	242	2025-05-05 12:10:06.603+00
3991	16	1	8	434	2025-05-10 08:57:57.758+00
3992	21	1	10	529	2025-05-05 22:10:37.924+00
3993	19	5	7	550	2025-05-06 22:04:00.734+00
3994	14	3	7	268	2025-05-09 01:51:36.374+00
3995	20	2	7	589	2025-05-10 02:31:11.958+00
3996	6	3	7	549	2025-05-08 08:15:36.297+00
3997	93	2	10	552	2025-05-04 01:05:16.922+00
3999	26	1	7	248	2025-05-10 04:09:38.425+00
4000	14	5	8	509	2025-05-04 03:00:39.225+00
4001	13	1	9	368	2025-05-04 10:43:58.332+00
4002	24	3	7	355	2025-05-04 01:11:28.208+00
4003	13	2	9	380	2025-05-07 22:00:49.692+00
4004	23	5	9	332	2025-05-05 21:07:58.567+00
4005	7	3	8	395	2025-05-04 08:29:15.337+00
4006	22	3	10	246	2025-05-06 23:04:55.35+00
4007	2	1	8	263	2025-05-07 15:52:26.731+00
4008	20	4	7	429	2025-05-09 04:40:00.391+00
4009	22	5	9	357	2025-05-03 09:24:04.578+00
4010	14	1	9	420	2025-05-04 17:58:42.437+00
4011	21	4	7	535	2025-05-07 16:38:05.772+00
4012	10	1	9	280	2025-05-08 11:43:36.705+00
4186	26	3	8	348	2025-05-08 10:29:27.967+00
4187	6	2	8	476	2025-05-03 19:35:44.367+00
4188	93	5	10	527	2025-05-08 15:10:51.977+00
4189	17	2	10	510	2025-05-08 17:37:51.607+00
4190	2	3	9	382	2025-05-07 00:29:39.741+00
4191	6	5	9	548	2025-05-08 06:28:07.871+00
4192	25	2	7	287	2025-05-07 19:16:02.489+00
4193	9	1	8	319	2025-05-05 05:49:43.764+00
4194	12	2	8	483	2025-05-05 04:54:34.355+00
4195	26	5	10	589	2025-05-06 00:22:45.3+00
4196	5	4	8	581	2025-05-07 03:14:27.668+00
4197	14	5	10	481	2025-05-07 13:48:33.543+00
4198	6	3	7	571	2025-05-08 21:05:05.615+00
4199	13	5	8	575	2025-05-06 22:49:21.36+00
4200	16	5	9	320	2025-05-08 00:06:36.109+00
4201	4	1	10	245	2025-05-03 22:00:55.346+00
4202	7	2	10	576	2025-05-06 18:48:40.089+00
4203	13	2	8	434	2025-05-08 20:18:46.393+00
4204	11	3	10	321	2025-05-08 09:28:31.507+00
4205	5	5	10	272	2025-05-05 08:36:07.964+00
4206	22	1	10	343	2025-05-06 15:38:20.5+00
4207	15	1	10	230	2025-05-10 02:18:28.207+00
4208	9	4	7	555	2025-05-09 22:15:14.407+00
4209	24	3	9	376	2025-05-04 08:45:22.321+00
4210	93	5	9	490	2025-05-05 15:59:21.353+00
4211	21	3	7	284	2025-05-08 08:02:51.492+00
4212	14	1	10	545	2025-05-09 09:48:01.753+00
4213	13	2	8	256	2025-05-04 12:53:49.135+00
4214	23	3	8	224	2025-05-08 02:45:16.25+00
4218	1	1	2	3	2025-05-10 09:53:01.774+00
4219	1	1	9	2	2025-05-10 09:53:30.231+00
4014	93	5	8	306	2025-05-04 06:54:03.122+00
4015	17	4	8	263	2025-05-05 06:42:47.966+00
4016	20	3	8	281	2025-05-09 22:52:47.964+00
4017	93	5	8	543	2025-05-08 01:53:00.776+00
4018	24	2	9	483	2025-05-07 14:24:58.601+00
4019	10	5	7	334	2025-05-07 15:23:48.95+00
4020	21	2	7	435	2025-05-08 18:35:07.764+00
4021	18	1	7	394	2025-05-06 11:12:36.459+00
4023	4	2	10	536	2025-05-09 06:01:03.543+00
4024	26	1	8	318	2025-05-08 01:26:58.979+00
4025	26	3	8	392	2025-05-09 19:18:39.271+00
4026	3	1	7	495	2025-05-10 01:49:01.236+00
4027	12	4	7	396	2025-05-08 05:27:53.019+00
4028	24	3	10	226	2025-05-08 11:08:28.31+00
4029	16	5	9	592	2025-05-06 13:20:33.694+00
4030	17	3	9	526	2025-05-09 09:02:44.623+00
4031	17	5	8	326	2025-05-06 21:39:53.494+00
4032	11	5	7	397	2025-05-05 12:29:01.352+00
4033	19	4	8	281	2025-05-04 01:09:17.139+00
4034	26	3	9	355	2025-05-03 14:05:22.848+00
4035	16	1	9	527	2025-05-07 11:38:38.105+00
4036	5	3	8	567	2025-05-07 04:29:37.487+00
3710	94	1	0	3	2025-05-10 09:12:02.384+00
4037	14	5	8	452	2025-05-08 19:24:22.966+00
4039	94	5	7	453	2025-05-06 11:02:08.186+00
4040	16	4	10	483	2025-05-05 00:05:30.114+00
4041	8	2	9	526	2025-05-08 00:31:17.422+00
4042	5	1	10	259	2025-05-04 10:57:55.177+00
4043	4	5	10	374	2025-05-08 10:39:14.668+00
4044	11	1	9	487	2025-05-07 18:00:49.67+00
4045	5	5	10	418	2025-05-08 07:38:42.762+00
4046	7	1	8	335	2025-05-04 20:42:51.982+00
4048	23	3	7	203	2025-05-03 13:26:07.281+00
4049	5	1	7	254	2025-05-04 11:37:09.116+00
4050	10	5	7	299	2025-05-07 06:20:01.677+00
4051	14	4	7	469	2025-05-07 00:23:12.149+00
4052	17	4	7	354	2025-05-05 16:02:49+00
4053	10	2	8	217	2025-05-04 15:12:35.67+00
4054	9	2	7	212	2025-05-03 19:53:49.322+00
4055	8	2	9	242	2025-05-09 10:15:06.737+00
4056	24	5	7	360	2025-05-03 19:54:36.245+00
4057	2	2	10	585	2025-05-04 04:23:46.603+00
4058	23	3	10	510	2025-05-09 05:11:18.476+00
4059	93	4	10	387	2025-05-07 15:18:33.612+00
4060	12	3	10	309	2025-05-07 20:10:00.298+00
4061	24	4	10	217	2025-05-09 06:54:28.372+00
4062	24	1	8	473	2025-05-08 20:36:58.472+00
4063	7	3	7	396	2025-05-07 21:52:44.726+00
4064	93	4	10	272	2025-05-05 08:45:44.976+00
4065	11	5	10	578	2025-05-07 12:28:05.751+00
4066	2	3	8	311	2025-05-06 02:38:15.302+00
4067	4	2	10	565	2025-05-03 17:46:20.009+00
4068	21	2	9	548	2025-05-07 21:03:56.288+00
4069	13	5	10	219	2025-05-05 03:40:33.529+00
4070	11	2	7	492	2025-05-06 00:31:30.177+00
4071	16	5	9	434	2025-05-07 13:04:51.09+00
4072	19	2	9	333	2025-05-06 18:18:16.608+00
4073	90	4	7	200	2025-05-05 03:10:40.247+00
4074	25	4	8	393	2025-05-06 02:22:29.379+00
4075	8	1	9	486	2025-05-07 01:23:23.895+00
4076	21	2	10	461	2025-05-08 15:47:47.557+00
4077	11	3	7	256	2025-05-09 11:01:16.103+00
4078	18	4	9	575	2025-05-08 19:31:39.969+00
4079	24	3	7	532	2025-05-05 01:39:35.965+00
4080	11	5	10	495	2025-05-03 10:55:59.583+00
4081	21	5	8	547	2025-05-04 22:43:33.857+00
4082	17	3	10	320	2025-05-07 11:42:16.474+00
4083	11	1	7	415	2025-05-06 13:57:09.739+00
4084	16	3	7	452	2025-05-08 19:44:37.079+00
4085	7	2	9	386	2025-05-07 15:49:08.782+00
4086	8	3	8	284	2025-05-08 15:29:44.343+00
4087	90	1	7	558	2025-05-03 12:18:10.643+00
4088	4	3	8	561	2025-05-04 04:50:00.144+00
4090	93	5	10	473	2025-05-06 11:34:55.822+00
4092	24	2	7	219	2025-05-05 07:55:14.124+00
4093	16	4	10	445	2025-05-05 01:08:02.006+00
4094	17	3	8	591	2025-05-08 12:02:34.422+00
4095	16	2	7	359	2025-05-05 20:39:46.407+00
4096	9	2	9	371	2025-05-04 05:29:31.486+00
4097	20	3	7	266	2025-05-08 05:14:12.04+00
4098	17	3	10	489	2025-05-10 05:22:29.155+00
4099	25	1	7	363	2025-05-06 22:00:30.932+00
4100	90	4	8	308	2025-05-09 08:04:59.89+00
4102	5	1	8	417	2025-05-05 22:22:18.735+00
4103	5	1	7	488	2025-05-07 05:59:08.457+00
4104	21	3	10	580	2025-05-06 07:16:49.404+00
4105	6	2	10	261	2025-05-05 18:26:36.56+00
4106	14	1	10	303	2025-05-09 05:49:32.168+00
4107	4	1	8	404	2025-05-06 12:17:00.003+00
4109	8	4	9	247	2025-05-09 10:34:43.406+00
4110	6	2	9	468	2025-05-08 18:26:30.491+00
4111	3	2	7	446	2025-05-08 15:55:58.416+00
4112	3	4	10	540	2025-05-08 09:11:12.71+00
4113	94	5	9	426	2025-05-05 15:27:56.747+00
4216	1	1	0	17	2025-05-10 09:51:27.066+00
4220	20	1	9	3	2025-05-10 09:55:10.932+00
\.


--
-- Data for Name: users; Type: TABLE DATA; Schema: public; Owner: -
--

COPY public.users (id, name, email, password, number, avatar, verified, created_at, updated_at) FROM stdin;
2	Sita Koirala	sita.koirala@example.com	$2a$10$sNW67ojdyWR5V.G/WAWn2euwYyjbLatQqwpCvZhXHwPKx0wFZpMT2	\N	woman	t	2025-05-06 13:06:38.009659+00	2025-05-06 13:06:38.009659+00
3	Ram Acharya	ram.acharya@example.com	$2a$10$sNW67ojdyWR5V.G/WAWn2euwYyjbLatQqwpCvZhXHwPKx0wFZpMT2	\N	man	t	2025-05-06 13:06:38.009659+00	2025-05-06 13:06:38.009659+00
4	Gita Sharma	gita.sharma@example.com	$2a$10$sNW67ojdyWR5V.G/WAWn2euwYyjbLatQqwpCvZhXHwPKx0wFZpMT2	\N	girl	t	2025-05-06 13:06:38.009659+00	2025-05-06 13:06:38.009659+00
5	Hari Thapa	hari.thapa@example.com	$2a$10$sNW67ojdyWR5V.G/WAWn2euwYyjbLatQqwpCvZhXHwPKx0wFZpMT2	\N	hacker	t	2025-05-06 13:06:38.009659+00	2025-05-06 13:06:38.009659+00
6	Anita Bhandari	anita.bhandari@example.com	$2a$10$sNW67ojdyWR5V.G/WAWn2euwYyjbLatQqwpCvZhXHwPKx0wFZpMT2	\N	woman2	t	2025-05-06 13:06:38.009659+00	2025-05-06 13:06:38.009659+00
7	Bikash Neupane	bikash.neupane@example.com	$2a$10$sNW67ojdyWR5V.G/WAWn2euwYyjbLatQqwpCvZhXHwPKx0wFZpMT2	\N	man	t	2025-05-06 13:06:38.009659+00	2025-05-06 13:06:38.009659+00
8	Sarita Rai	sarita.rai@example.com	$2a$10$sNW67ojdyWR5V.G/WAWn2euwYyjbLatQqwpCvZhXHwPKx0wFZpMT2	\N	girl	t	2025-05-06 13:06:38.009659+00	2025-05-06 13:06:38.009659+00
9	Nabin Shrestha	nabin.shrestha@example.com	$2a$10$sNW67ojdyWR5V.G/WAWn2euwYyjbLatQqwpCvZhXHwPKx0wFZpMT2	\N	hacker1	t	2025-05-06 13:06:38.009659+00	2025-05-06 13:06:38.009659+00
10	Rita Lama	rita.lama@example.com	$2a$10$sNW67ojdyWR5V.G/WAWn2euwYyjbLatQqwpCvZhXHwPKx0wFZpMT2	\N	woman	t	2025-05-06 13:06:38.009659+00	2025-05-06 13:06:38.009659+00
11	Kishor Dahal	kishor.dahal@example.com	$2a$10$sNW67ojdyWR5V.G/WAWn2euwYyjbLatQqwpCvZhXHwPKx0wFZpMT2	\N	bear	t	2025-05-06 13:06:38.009659+00	2025-05-06 13:06:38.009659+00
12	Mina Magar	mina.magar@example.com	$2a$10$sNW67ojdyWR5V.G/WAWn2euwYyjbLatQqwpCvZhXHwPKx0wFZpMT2	\N	girl	t	2025-05-06 13:06:38.009659+00	2025-05-06 13:06:38.009659+00
13	Rajendra Poudel	rajendra.poudel@example.com	$2a$10$sNW67ojdyWR5V.G/WAWn2euwYyjbLatQqwpCvZhXHwPKx0wFZpMT2	\N	anonymous	t	2025-05-06 13:06:38.009659+00	2025-05-06 13:06:38.009659+00
14	Sabita Karki	sabita.karki@example.com	$2a$10$sNW67ojdyWR5V.G/WAWn2euwYyjbLatQqwpCvZhXHwPKx0wFZpMT2	\N	woman2	t	2025-05-06 13:06:38.009659+00	2025-05-06 13:06:38.009659+00
15	Bimal KC	bimal.kc@example.com	$2a$10$sNW67ojdyWR5V.G/WAWn2euwYyjbLatQqwpCvZhXHwPKx0wFZpMT2	\N	man	t	2025-05-06 13:06:38.009659+00	2025-05-06 13:06:38.009659+00
16	Sujata Maharjan	sujata.maharjan@example.com	$2a$10$sNW67ojdyWR5V.G/WAWn2euwYyjbLatQqwpCvZhXHwPKx0wFZpMT2	\N	woman	t	2025-05-06 13:06:38.009659+00	2025-05-06 13:06:38.009659+00
17	Ramesh Kunwar	ramesh.kunwar@example.com	$2a$10$sNW67ojdyWR5V.G/WAWn2euwYyjbLatQqwpCvZhXHwPKx0wFZpMT2	\N	hacker	t	2025-05-06 13:06:38.009659+00	2025-05-06 13:06:38.009659+00
18	Manju Bhattarai	manju.bhattarai@example.com	$2a$10$sNW67ojdyWR5V.G/WAWn2euwYyjbLatQqwpCvZhXHwPKx0wFZpMT2	\N	girl	t	2025-05-06 13:06:38.009659+00	2025-05-06 13:06:38.009659+00
19	Dipendra Rana	dipendra.rana@example.com	$2a$10$sNW67ojdyWR5V.G/WAWn2euwYyjbLatQqwpCvZhXHwPKx0wFZpMT2	\N	bear	t	2025-05-06 13:06:38.009659+00	2025-05-06 13:06:38.009659+00
20	Pabitra Khadka	pabitra.khadka@example.com	$2a$10$sNW67ojdyWR5V.G/WAWn2euwYyjbLatQqwpCvZhXHwPKx0wFZpMT2	\N	woman2	t	2025-05-06 13:06:38.009659+00	2025-05-06 13:06:38.009659+00
21	Arjun Giri	arjun.giri@example.com	$2a$10$sNW67ojdyWR5V.G/WAWn2euwYyjbLatQqwpCvZhXHwPKx0wFZpMT2	\N	man	t	2025-05-06 13:06:38.009659+00	2025-05-06 13:06:38.009659+00
22	Binita Rijal	binita.rijal@example.com	$2a$10$sNW67ojdyWR5V.G/WAWn2euwYyjbLatQqwpCvZhXHwPKx0wFZpMT2	\N	woman	t	2025-05-06 13:06:38.009659+00	2025-05-06 13:06:38.009659+00
23	Sandeep KC	sandeep.kc@example.com	$2a$10$sNW67ojdyWR5V.G/WAWn2euwYyjbLatQqwpCvZhXHwPKx0wFZpMT2	\N	hacker1	t	2025-05-06 13:06:38.009659+00	2025-05-06 13:06:38.009659+00
24	Kalpana Bhusal	kalpana.bhusal@example.com	$2a$10$sNW67ojdyWR5V.G/WAWn2euwYyjbLatQqwpCvZhXHwPKx0wFZpMT2	\N	girl	t	2025-05-06 13:06:38.009659+00	2025-05-06 13:06:38.009659+00
25	Sunil Basnet	sunil.basnet@example.com	$2a$10$sNW67ojdyWR5V.G/WAWn2euwYyjbLatQqwpCvZhXHwPKx0wFZpMT2	\N	man	t	2025-05-06 13:06:38.009659+00	2025-05-06 13:06:38.009659+00
26	Pratiksha Shahi	pratiksha.shahi@example.com	$2a$10$sNW67ojdyWR5V.G/WAWn2euwYyjbLatQqwpCvZhXHwPKx0wFZpMT2	\N	anonymous	t	2025-05-06 13:06:38.009659+00	2025-05-06 13:06:38.009659+00
1	Bijay Codes	andreysandrey@gmail.com	$2a$10$sNW67ojdyWR5V.G/WAWn2euwYyjbLatQqwpCvZhXHwPKx0wFZpMT2	9861842344	bear	t	2025-04-30 16:56:29.596+00	2025-04-30 16:57:10.675+00
90	Bijay Rauniyar	andreysssndrey.10@gmail.com	$2a$10$VnkZgCByWbk.E3EWLQ1IZujmFB3O6rz3ENAi4ouRlM7lOlhiD6lRC	9861842341	bear	f	2025-05-09 16:19:48.879+00	2025-05-09 16:19:48.879+00
93	Bijay Rauniyar	andreysandrey.10@gmail.com	$2a$10$NNsgTpj3g8xb.KqXz9R67O0GvbyDbVK5BA26IxCQQAsNRIxmyy4D2	9861842341	bear	t	2025-05-09 16:33:30.789+00	2025-05-09 16:36:12.989+00
94	Bijay Rauniyar	bijay.naxa@gmail.com	$2a$10$HmA5Zh3CyrTCrep7rbSx.u2hKa9LWwyRskFiOUZJiyu7ndTlQUX.G	9861842341	bear	t	2025-05-10 07:04:21.606+00	2025-05-10 07:13:48.236+00
\.


--
-- Name: bookmarks_id_seq; Type: SEQUENCE SET; Schema: public; Owner: -
--

SELECT pg_catalog.setval('public.bookmarks_id_seq', 1, false);


--
-- Name: google_auth_tokens_id_seq; Type: SEQUENCE SET; Schema: public; Owner: -
--

SELECT pg_catalog.setval('public.google_auth_tokens_id_seq', 1, true);


--
-- Name: mcq_questions_id_seq; Type: SEQUENCE SET; Schema: public; Owner: -
--

SELECT pg_catalog.setval('public.mcq_questions_id_seq', 219, true);


--
-- Name: mock_tests_id_seq; Type: SEQUENCE SET; Schema: public; Owner: -
--

SELECT pg_catalog.setval('public.mock_tests_id_seq', 1, false);


--
-- Name: notifications_id_seq; Type: SEQUENCE SET; Schema: public; Owner: -
--

SELECT pg_catalog.setval('public.notifications_id_seq', 40, true);


--
-- Name: sections_id_seq; Type: SEQUENCE SET; Schema: public; Owner: -
--

SELECT pg_catalog.setval('public.sections_id_seq', 1, false);


--
-- Name: streams_id_seq; Type: SEQUENCE SET; Schema: public; Owner: -
--

SELECT pg_catalog.setval('public.streams_id_seq', 2, true);


--
-- Name: testimonials_id_seq; Type: SEQUENCE SET; Schema: public; Owner: -
--

SELECT pg_catalog.setval('public.testimonials_id_seq', 12, true);


--
-- Name: user_scores_id_seq; Type: SEQUENCE SET; Schema: public; Owner: -
--

SELECT pg_catalog.setval('public.user_scores_id_seq', 4220, true);


--
-- Name: users_id_seq; Type: SEQUENCE SET; Schema: public; Owner: -
--

SELECT pg_catalog.setval('public.users_id_seq', 94, true);


--
-- Name: bookmarks bookmarks_pkey; Type: CONSTRAINT; Schema: public; Owner: -
--

ALTER TABLE ONLY public.bookmarks
    ADD CONSTRAINT bookmarks_pkey PRIMARY KEY (id);


--
-- Name: google_auth_tokens google_auth_tokens_pkey; Type: CONSTRAINT; Schema: public; Owner: -
--

ALTER TABLE ONLY public.google_auth_tokens
    ADD CONSTRAINT google_auth_tokens_pkey PRIMARY KEY (id);


--
-- Name: mcq_questions mcq_questions_pkey; Type: CONSTRAINT; Schema: public; Owner: -
--

ALTER TABLE ONLY public.mcq_questions
    ADD CONSTRAINT mcq_questions_pkey PRIMARY KEY (id);


--
-- Name: mock_tests mock_tests_pkey; Type: CONSTRAINT; Schema: public; Owner: -
--

ALTER TABLE ONLY public.mock_tests
    ADD CONSTRAINT mock_tests_pkey PRIMARY KEY (id);


--
-- Name: notifications notifications_pkey; Type: CONSTRAINT; Schema: public; Owner: -
--

ALTER TABLE ONLY public.notifications
    ADD CONSTRAINT notifications_pkey PRIMARY KEY (id);


--
-- Name: sections sections_pkey; Type: CONSTRAINT; Schema: public; Owner: -
--

ALTER TABLE ONLY public.sections
    ADD CONSTRAINT sections_pkey PRIMARY KEY (id);


--
-- Name: streams streams_pkey; Type: CONSTRAINT; Schema: public; Owner: -
--

ALTER TABLE ONLY public.streams
    ADD CONSTRAINT streams_pkey PRIMARY KEY (id);


--
-- Name: test_section_links test_section_links_pkey; Type: CONSTRAINT; Schema: public; Owner: -
--

ALTER TABLE ONLY public.test_section_links
    ADD CONSTRAINT test_section_links_pkey PRIMARY KEY (mock_test_id, section_id);


--
-- Name: test_section_links test_section_links_section_id_test_id_key; Type: CONSTRAINT; Schema: public; Owner: -
--

ALTER TABLE ONLY public.test_section_links
    ADD CONSTRAINT test_section_links_section_id_test_id_key UNIQUE (section_id, test_id);


--
-- Name: testimonials testimonials_pkey; Type: CONSTRAINT; Schema: public; Owner: -
--

ALTER TABLE ONLY public.testimonials
    ADD CONSTRAINT testimonials_pkey PRIMARY KEY (id);


--
-- Name: user_scores user_scores_pkey; Type: CONSTRAINT; Schema: public; Owner: -
--

ALTER TABLE ONLY public.user_scores
    ADD CONSTRAINT user_scores_pkey PRIMARY KEY (id);


--
-- Name: users users_email_key; Type: CONSTRAINT; Schema: public; Owner: -
--

ALTER TABLE ONLY public.users
    ADD CONSTRAINT users_email_key UNIQUE (email);


--
-- Name: users users_pkey; Type: CONSTRAINT; Schema: public; Owner: -
--

ALTER TABLE ONLY public.users
    ADD CONSTRAINT users_pkey PRIMARY KEY (id);


--
-- Name: bookmarks bookmarks_mock_test_id_fkey; Type: FK CONSTRAINT; Schema: public; Owner: -
--

ALTER TABLE ONLY public.bookmarks
    ADD CONSTRAINT bookmarks_mock_test_id_fkey FOREIGN KEY (mock_test_id) REFERENCES public.mock_tests(id) ON UPDATE CASCADE ON DELETE CASCADE;


--
-- Name: bookmarks bookmarks_user_id_fkey; Type: FK CONSTRAINT; Schema: public; Owner: -
--

ALTER TABLE ONLY public.bookmarks
    ADD CONSTRAINT bookmarks_user_id_fkey FOREIGN KEY (user_id) REFERENCES public.users(id) ON UPDATE CASCADE ON DELETE CASCADE;


--
-- Name: mcq_questions mcq_questions_section_id_fkey; Type: FK CONSTRAINT; Schema: public; Owner: -
--

ALTER TABLE ONLY public.mcq_questions
    ADD CONSTRAINT mcq_questions_section_id_fkey FOREIGN KEY (section_id) REFERENCES public.sections(id) ON UPDATE CASCADE ON DELETE CASCADE;


--
-- Name: mock_tests mock_tests_stream_id_fkey; Type: FK CONSTRAINT; Schema: public; Owner: -
--

ALTER TABLE ONLY public.mock_tests
    ADD CONSTRAINT mock_tests_stream_id_fkey FOREIGN KEY (stream_id) REFERENCES public.streams(id) ON UPDATE CASCADE ON DELETE CASCADE;


--
-- Name: notifications notifications_user_id_fkey; Type: FK CONSTRAINT; Schema: public; Owner: -
--

ALTER TABLE ONLY public.notifications
    ADD CONSTRAINT notifications_user_id_fkey FOREIGN KEY (user_id) REFERENCES public.users(id) ON UPDATE CASCADE ON DELETE CASCADE;


--
-- Name: test_section_links test_section_links_mock_test_id_fkey; Type: FK CONSTRAINT; Schema: public; Owner: -
--

ALTER TABLE ONLY public.test_section_links
    ADD CONSTRAINT test_section_links_mock_test_id_fkey FOREIGN KEY (mock_test_id) REFERENCES public.mock_tests(id) ON UPDATE CASCADE ON DELETE CASCADE;


--
-- Name: test_section_links test_section_links_section_id_fkey; Type: FK CONSTRAINT; Schema: public; Owner: -
--

ALTER TABLE ONLY public.test_section_links
    ADD CONSTRAINT test_section_links_section_id_fkey FOREIGN KEY (section_id) REFERENCES public.sections(id) ON UPDATE CASCADE ON DELETE CASCADE;


--
-- Name: test_section_links test_section_links_test_id_fkey; Type: FK CONSTRAINT; Schema: public; Owner: -
--

ALTER TABLE ONLY public.test_section_links
    ADD CONSTRAINT test_section_links_test_id_fkey FOREIGN KEY (test_id) REFERENCES public.mock_tests(id) ON UPDATE CASCADE ON DELETE CASCADE;


--
-- Name: user_scores user_scores_mock_test_id_fkey; Type: FK CONSTRAINT; Schema: public; Owner: -
--

ALTER TABLE ONLY public.user_scores
    ADD CONSTRAINT user_scores_mock_test_id_fkey FOREIGN KEY (mock_test_id) REFERENCES public.mock_tests(id) ON UPDATE CASCADE ON DELETE CASCADE;


--
-- Name: user_scores user_scores_user_id_fkey; Type: FK CONSTRAINT; Schema: public; Owner: -
--

ALTER TABLE ONLY public.user_scores
    ADD CONSTRAINT user_scores_user_id_fkey FOREIGN KEY (user_id) REFERENCES public.users(id) ON UPDATE CASCADE ON DELETE CASCADE;


--
-- Name: SCHEMA public; Type: ACL; Schema: -; Owner: -
--

REVOKE USAGE ON SCHEMA public FROM PUBLIC;


--
-- PostgreSQL database dump complete
--

