--
-- PostgreSQL database dump
--

-- Dumped from database version 15.12 (Debian 15.12-1.pgdg120+1)
-- Dumped by pg_dump version 15.12 (Debian 15.12-1.pgdg120+1)

SET statement_timeout = 0;
SET lock_timeout = 0;
SET idle_in_transaction_session_timeout = 0;
SET client_encoding = 'UTF8';
SET standard_conforming_strings = on;
SELECT pg_catalog.set_config('search_path', '', false);
SET check_function_bodies = false;
SET xmloption = content;
SET client_min_messages = warning;
SET row_security = off;

--
-- Name: enum_user_scores_mode; Type: TYPE; Schema: public; Owner: bijay
--

CREATE TYPE public.enum_user_scores_mode AS ENUM (
    'practice',
    'ranked'
);


ALTER TYPE public.enum_user_scores_mode OWNER TO bijay;

SET default_tablespace = '';

SET default_table_access_method = heap;

--
-- Name: mcq_questions; Type: TABLE; Schema: public; Owner: bijay
--

CREATE TABLE public.mcq_questions (
    id integer NOT NULL,
    section_id integer NOT NULL,
    question character varying(255) NOT NULL,
    options json NOT NULL,
    answer character varying(255) NOT NULL
);


ALTER TABLE public.mcq_questions OWNER TO bijay;

--
-- Name: mcq_questions_id_seq; Type: SEQUENCE; Schema: public; Owner: bijay
--

CREATE SEQUENCE public.mcq_questions_id_seq
    AS integer
    START WITH 1
    INCREMENT BY 1
    NO MINVALUE
    NO MAXVALUE
    CACHE 1;


ALTER TABLE public.mcq_questions_id_seq OWNER TO bijay;

--
-- Name: mcq_questions_id_seq; Type: SEQUENCE OWNED BY; Schema: public; Owner: bijay
--

ALTER SEQUENCE public.mcq_questions_id_seq OWNED BY public.mcq_questions.id;


--
-- Name: mock_tests; Type: TABLE; Schema: public; Owner: bijay
--

CREATE TABLE public.mock_tests (
    id integer NOT NULL,
    stream_id integer NOT NULL,
    title character varying(255) NOT NULL,
    time_limit integer NOT NULL
);


ALTER TABLE public.mock_tests OWNER TO bijay;

--
-- Name: mock_tests_id_seq; Type: SEQUENCE; Schema: public; Owner: bijay
--

CREATE SEQUENCE public.mock_tests_id_seq
    AS integer
    START WITH 1
    INCREMENT BY 1
    NO MINVALUE
    NO MAXVALUE
    CACHE 1;


ALTER TABLE public.mock_tests_id_seq OWNER TO bijay;

--
-- Name: mock_tests_id_seq; Type: SEQUENCE OWNED BY; Schema: public; Owner: bijay
--

ALTER SEQUENCE public.mock_tests_id_seq OWNED BY public.mock_tests.id;


--
-- Name: notifications; Type: TABLE; Schema: public; Owner: bijay
--

CREATE TABLE public.notifications (
    id integer NOT NULL,
    user_id integer NOT NULL,
    message character varying(255) NOT NULL,
    is_read boolean DEFAULT false NOT NULL,
    created_at timestamp with time zone NOT NULL
);


ALTER TABLE public.notifications OWNER TO bijay;

--
-- Name: notifications_id_seq; Type: SEQUENCE; Schema: public; Owner: bijay
--

CREATE SEQUENCE public.notifications_id_seq
    AS integer
    START WITH 1
    INCREMENT BY 1
    NO MINVALUE
    NO MAXVALUE
    CACHE 1;


ALTER TABLE public.notifications_id_seq OWNER TO bijay;

--
-- Name: notifications_id_seq; Type: SEQUENCE OWNED BY; Schema: public; Owner: bijay
--

ALTER SEQUENCE public.notifications_id_seq OWNED BY public.notifications.id;


--
-- Name: sections; Type: TABLE; Schema: public; Owner: bijay
--

CREATE TABLE public.sections (
    id integer NOT NULL,
    name character varying(255) NOT NULL,
    question_count integer NOT NULL,
    marks_per_question double precision NOT NULL,
    negative_marking double precision NOT NULL
);


ALTER TABLE public.sections OWNER TO bijay;

--
-- Name: sections_id_seq; Type: SEQUENCE; Schema: public; Owner: bijay
--

CREATE SEQUENCE public.sections_id_seq
    AS integer
    START WITH 1
    INCREMENT BY 1
    NO MINVALUE
    NO MAXVALUE
    CACHE 1;


ALTER TABLE public.sections_id_seq OWNER TO bijay;

--
-- Name: sections_id_seq; Type: SEQUENCE OWNED BY; Schema: public; Owner: bijay
--

ALTER SEQUENCE public.sections_id_seq OWNED BY public.sections.id;


--
-- Name: streams; Type: TABLE; Schema: public; Owner: bijay
--

CREATE TABLE public.streams (
    id integer NOT NULL,
    name character varying(255) NOT NULL
);


ALTER TABLE public.streams OWNER TO bijay;

--
-- Name: streams_id_seq; Type: SEQUENCE; Schema: public; Owner: bijay
--

CREATE SEQUENCE public.streams_id_seq
    AS integer
    START WITH 1
    INCREMENT BY 1
    NO MINVALUE
    NO MAXVALUE
    CACHE 1;


ALTER TABLE public.streams_id_seq OWNER TO bijay;

--
-- Name: streams_id_seq; Type: SEQUENCE OWNED BY; Schema: public; Owner: bijay
--

ALTER SEQUENCE public.streams_id_seq OWNED BY public.streams.id;


--
-- Name: test_section_links; Type: TABLE; Schema: public; Owner: bijay
--

CREATE TABLE public.test_section_links (
    mock_test_id integer NOT NULL,
    section_id integer NOT NULL,
    test_id integer
);


ALTER TABLE public.test_section_links OWNER TO bijay;

--
-- Name: user_scores; Type: TABLE; Schema: public; Owner: bijay
--

CREATE TABLE public.user_scores (
    id integer NOT NULL,
    user_id integer NOT NULL,
    mock_test_id integer NOT NULL,
    score integer NOT NULL,
    elapsed_time integer DEFAULT 0 NOT NULL,
    created_at timestamp with time zone NOT NULL
);


ALTER TABLE public.user_scores OWNER TO bijay;

--
-- Name: user_scores_id_seq; Type: SEQUENCE; Schema: public; Owner: bijay
--

CREATE SEQUENCE public.user_scores_id_seq
    AS integer
    START WITH 1
    INCREMENT BY 1
    NO MINVALUE
    NO MAXVALUE
    CACHE 1;


ALTER TABLE public.user_scores_id_seq OWNER TO bijay;

--
-- Name: user_scores_id_seq; Type: SEQUENCE OWNED BY; Schema: public; Owner: bijay
--

ALTER SEQUENCE public.user_scores_id_seq OWNED BY public.user_scores.id;


--
-- Name: users; Type: TABLE; Schema: public; Owner: bijay
--

CREATE TABLE public.users (
    id integer NOT NULL,
    name character varying(255) NOT NULL,
    email character varying(255) NOT NULL,
    password character varying(255) NOT NULL,
    number character varying(255),
    avatar character varying(255) DEFAULT 'bear'::character varying NOT NULL,
    verified boolean DEFAULT false NOT NULL,
    created_at timestamp with time zone NOT NULL,
    updated_at timestamp with time zone NOT NULL
);


ALTER TABLE public.users OWNER TO bijay;

--
-- Name: users_id_seq; Type: SEQUENCE; Schema: public; Owner: bijay
--

CREATE SEQUENCE public.users_id_seq
    AS integer
    START WITH 1
    INCREMENT BY 1
    NO MINVALUE
    NO MAXVALUE
    CACHE 1;


ALTER TABLE public.users_id_seq OWNER TO bijay;

--
-- Name: users_id_seq; Type: SEQUENCE OWNED BY; Schema: public; Owner: bijay
--

ALTER SEQUENCE public.users_id_seq OWNED BY public.users.id;


--
-- Name: mcq_questions id; Type: DEFAULT; Schema: public; Owner: bijay
--

ALTER TABLE ONLY public.mcq_questions ALTER COLUMN id SET DEFAULT nextval('public.mcq_questions_id_seq'::regclass);


--
-- Name: mock_tests id; Type: DEFAULT; Schema: public; Owner: bijay
--

ALTER TABLE ONLY public.mock_tests ALTER COLUMN id SET DEFAULT nextval('public.mock_tests_id_seq'::regclass);


--
-- Name: notifications id; Type: DEFAULT; Schema: public; Owner: bijay
--

ALTER TABLE ONLY public.notifications ALTER COLUMN id SET DEFAULT nextval('public.notifications_id_seq'::regclass);


--
-- Name: sections id; Type: DEFAULT; Schema: public; Owner: bijay
--

ALTER TABLE ONLY public.sections ALTER COLUMN id SET DEFAULT nextval('public.sections_id_seq'::regclass);


--
-- Name: streams id; Type: DEFAULT; Schema: public; Owner: bijay
--

ALTER TABLE ONLY public.streams ALTER COLUMN id SET DEFAULT nextval('public.streams_id_seq'::regclass);


--
-- Name: user_scores id; Type: DEFAULT; Schema: public; Owner: bijay
--

ALTER TABLE ONLY public.user_scores ALTER COLUMN id SET DEFAULT nextval('public.user_scores_id_seq'::regclass);


--
-- Name: users id; Type: DEFAULT; Schema: public; Owner: bijay
--

ALTER TABLE ONLY public.users ALTER COLUMN id SET DEFAULT nextval('public.users_id_seq'::regclass);


--
-- Data for Name: mcq_questions; Type: TABLE DATA; Schema: public; Owner: bijay
--

COPY public.mcq_questions (id, section_id, question, options, answer) FROM stdin;
1	3	Which of the following is the smallest unit of length?	{"1": "millimeter", "2": "micrometer", "3": "nanometer", "4": "angstrom unit"}	4
2	3	Which of the following elements does not belong to alkali metals?	{"1": "Na", "2": "Li", "3": "Mg", "4": "K"}	3
3	3	Methyl orange gives ____ colour with base.	{"1": "red", "2": "pink", "3": "orange", "4": "yellow"}	4
4	3	Which of the following is common alcohol (wine)?	{"1": "methyl alcohol", "2": "ethyl alcohol", "3": "propyl alcohol", "4": "butyl alcohol"}	2
5	3	Cobalt oxide is added to ordinary glass to make _______ glass.	{"1": "black", "2": "red", "3": "hard", "4": "blue"}	4
6	3	What should be the amount of sugar to make a saturated solution of sugar in 500gm water at 25°C, if solubility of sugar at that temp. is 20.	{"1": "20", "2": "25", "3": "100", "4": "200"}	3
7	3	The element with atomic no. 24 is:	{"1": "Iron", "2": "Cadmium", "3": "Chromium", "4": "Copper"}	3
8	3	What is the molecular formula for bleaching powder?	{"1": "CaCl2", "2": "CaOCl2", "3": "CuSO4", "4": "MgCl2"}	2
9	3	Glycerol is an example of _______.	{"1": "monohydric alcohol", "2": "dihydric alcohol", "3": "trihydric alcohol", "4": "aldehyde"}	3
10	3	Which of the following metal has highest boiling point?	{"1": "Aluminium", "2": "Silver", "3": "Copper", "4": "Gold"}	1
11	4	Amphibian of plant kingdom is:	{"1": "Algae", "2": "Fungi", "3": "Gymnosperm", "4": "Bryophyta"}	4
12	4	The largest animal cell is _______.	{"1": "Ostrich egg", "2": "RBC", "3": "WBC", "4": "Neuron"}	1
13	4	Nucleolus is present in _______.	{"1": "cytoplasm", "2": "nucleoplasm", "3": "cell membrane", "4": "plastid"}	2
14	4	Which of the following planet spins most slowly?	{"1": "Venus", "2": "Earth", "3": "Mars", "4": "Jupiter"}	1
15	4	Which of the following does not belong to phylum coelenterata?	{"1": "Hydra", "2": "Volvox", "3": "Obelia", "4": "both b and c"}	4
16	4	The animal in which both male and female sex organ are present in a single individual is called:	{"1": "sexual", "2": "asexual", "3": "hermaphrodite", "4": "monosexual"}	3
17	4	The scientific name of "pea" is:	{"1": "Allium sativum", "2": "Rosa indica", "3": "Pisum sativum", "4": "Magnifera indica"}	3
18	4	Crossing over starts in _______.	{"1": "Diplotene", "2": "Zygotene", "3": "Leptotene", "4": "Pachytene"}	1
19	4	What is the gametophyte of fern plant?	{"1": "Thallus", "2": "Inducicum", "3": "Flowers", "4": "Prothallus"}	4
20	4	Bloods are made with _______ tissues.	{"1": "epithelial", "2": "connective", "3": "muscular", "4": "nervous"}	2
21	5	If 36 men can finish a piece of work in 20 days. How many men should be added so that the work can be finished in 4/5 of the time?	{"1": "12", "2": "9", "3": "8", "4": "4"}	2
22	5	A rectangular sheet of paper 30 cm × 16 cm can be formed into two right circular cylinders in two ways, thus the ratio of volume between the cylinder equals to:	{"1": "1:5", "2": "2:5", "3": "3:5", "4": "none"}	4
23	5	Find the least number by which 3920 should be multiplied so that the result is a complete square?	{"1": "5", "2": "28", "3": "25", "4": "20"}	2
24	5	The market price of an article is 25% above its selling price and cost price is 30% less than market price. Then the discount percent is:	{"1": "5%", "2": "15%", "3": "20%", "4": "25%"}	3
25	5	If U = {set of all triangles} A = {set of Δ with at least one angle different from 60°}, then A = _______.	{"1": "Isosceles triangle", "2": "Scalene triangle", "3": "Equilateral triangle", "4": "none"}	2
26	5	At what rate percent per annum will a sum of money double itself in 20 years?	{"1": "10%", "2": "7%", "3": "12%", "4": "5%"}	1
27	6	Which of the following is the smallest unit of length?	{"1": "millimeter", "2": "micrometer", "3": "nanometer", "4": "angstrom unit"}	4
28	6	Which of the following elements does not belong to alkali metals?	{"1": "Na", "2": "Li", "3": "Mg", "4": "K"}	3
29	6	Methyl orange gives ____ colour with base.	{"1": "red", "2": "pink", "3": "orange", "4": "yellow"}	4
30	6	Which of the following is common alcohol (wine)?	{"1": "methyl alcohol", "2": "ethyl alcohol", "3": "propyl alcohol", "4": "butyl alcohol"}	2
31	6	Cobalt oxide is added to ordinary glass to make _______ glass.	{"1": "black", "2": "red", "3": "hard", "4": "blue"}	4
32	5	If θ = 22.5° then 2Sinθ.Cosθ = ?	{"1": "Cos²θ - Sin²θ", "2": "1", "3": "0", "4": "none of the above"}	3
33	5	If (1/m) + (1/(m+3)) = a, then what will be the value of m³ + (a-3)?	{"1": "a", "2": "1", "3": "a(a-3)", "4": "none of the above"}	3
34	5	What must be added to (2a + 5b) to get the same result as (b + 2c) subtracted from (4a + b)?	{"1": "2a - 3b", "2": "3a - 4b", "3": "7a - 2b", "4": "2a - 5b - 2c"}	4
35	5	If n = 4n + m and m = -1, then n = ?	{"1": "2n + m", "2": "1", "3": "0", "4": "none of the above"}	3
36	5	If the ratio of two numbers is 5:6 and their product is 120. Find the numbers.	{"1": "10, 12", "2": "12, 10", "3": "20, 6", "4": "40, 3"}	1
37	5	If (a + b + c) = 6 and (ab + bc + ca) = 11, then a³ + b³ + c³ – 3abc is equal to:	{"1": "15", "2": "16", "3": "17", "4": "none"}	2
38	5	A father's age was four times his son's age in 2042 and two times his son's age in 2060. Find the year of birth of the son?	{"1": "2040", "2": "2038", "3": "2035", "4": "2033"}	2
39	5	If the length of the side of a square is reduced by 20%, then the area will be decreased by:	{"1": "36%", "2": "44%", "3": "15%", "4": "20%"}	1
40	5	If a number is chosen at random from the set of natural numbers less than 30, what is the probability that a prime number is picked?	{"1": "10/29", "2": "12/29", "3": "1/29", "4": "0"}	2
41	5	A group of 7 students have their weights in Kg as follows: 5, 12, 16, 5, 8, 12, 5. What is their modal weight?	{"1": "5 Kg", "2": "12 Kg", "3": "15 Kg", "4": "8 Kg"}	1
42	5	In the adjoining figure, below, "O" is the center of the circle, then find ∠ADC if ∠AOB = 100°.	{"1": "50°", "2": "25°", "3": "75°", "4": "200°"}	1
43	5	An isosceles triangle with AB = AC = 10 cm and BC = 12 cm is inscribed in a circle. Find the radius of the circle?	{"1": "6.25 cm", "2": "6.35 cm", "3": "12.5 cm", "4": "10 cm"}	1
44	5	The area of the following geometrical figure is equal to ____ cm².	{"1": "120", "2": "40", "3": "42", "4": "50"}	2
45	5	What is the radius of a circle if its area and circumference are equal in magnitude?	{"1": "7 unit", "2": "5 unit", "3": "22/7 unit", "4": "2 unit"}	3
46	3	Heart is a muscular organ made of _______ muscles.	{"1": "voluntary", "2": "cardiac", "3": "involuntary", "4": "skeletal"}	2
47	3	Which one of these is not an appropriate method of waste disposal?	{"1": "sanitary landfill", "2": "incineration", "3": "dumping", "4": "piling up at roadside"}	4
48	3	Which one of these is caused by an organism called "Bordetella Pertusis"?	{"1": "tetanus", "2": "whooping cough", "3": "diphtheria", "4": "poliomyelitis"}	2
49	3	One of the objectives of first aid treatment is to _______.	{"1": "save the life of an injured person", "2": "cure a patient", "3": "both of the above", "4": "none of the above"}	1
50	3	Function of vitamin "K" is to _______.	{"1": "improve vision", "2": "blood clotting", "3": "increase blood cell", "4": "improve muscles"}	2
51	3	What is the percentage of water in a normal body weight?	{"1": "60-70", "2": "75-80", "3": "80-90", "4": "85-95"}	1
52	3	Which one of these is not a communicable disease?	{"1": "TB", "2": "Common cold", "3": "Cancer", "4": "Cholera"}	3
53	3	_______ is not a nutrient.	{"1": "Protein", "2": "Medicine", "3": "Vitamin", "4": "Minerals"}	2
54	3	Safe motherhood is not affected by _____.	{"1": "age", "2": "smoking", "3": "weather", "4": "food intake"}	3
55	3	DPT is vaccinated to a child _______ times.	{"1": "1", "2": "2", "3": "3", "4": "4"}	3
56	3	Norplant is a _______.	{"1": "pills", "2": "permanent method of family planning", "3": "Depo-Provera injection", "4": "temporary method of family planning implanted in a mid-arm of a woman"}	4
57	3	Most of the diseases of a community in Nepal can be controlled by _______.	{"1": "improving community environment", "2": "providing clean drinking water", "3": "raising the income level", "4": "providing health services"}	2
58	3	Goiter occurs due to the deficiency of ____.	{"1": "iron", "2": "vitamin", "3": "calcium", "4": "iodine"}	4
59	3	Norplant is a _______.	{"1": "pills", "2": "permanent method of family planning", "3": "Depo-Provera injection", "4": "temporary method of family planning implanted in a mid arm of a woman"}	2
60	3	Most of the disease of a community in Nepal can be controlled by _______.	{"1": "improving community environment", "2": "providing clean drinking water", "3": "raising the income level", "4": "providing health services"}	2
61	3	Goiter occurs due to the deficiency of ____.	{"1": "iron", "2": "vitamin", "3": "calcium", "4": "iodine"}	4
62	3	Full form of AIDS is _______.	{"1": "Acute Immune Deficiency Syndrome", "2": "Acquired Immuno Deficiency Syndrome", "3": "Acquired Immune Deficient Syndrome", "4": "Acquired Immune Deficiency Symptoms"}	2
63	3	Syphilis is caused by _______.	{"1": "Treponema pallidum", "2": "Brodetlla pertusis", "3": "Entamoeba hystolytica", "4": "Corynebacterium diphtheria"}	1
64	3	The most appropriate age group to become pregnant for a woman is _______.	{"1": "15-20 years", "2": "20-25 years", "3": "25-35 years", "4": "35-40 years"}	3
65	3	Which of these is not a female reproductive organ?	{"1": "uterus", "2": "fallopian tube", "3": "scrotum", "4": "cervix"}	3
66	3	Family health is not affected by _______.	{"1": "literacy", "2": "household size", "3": "cultural environment", "4": "geographic environment"}	4
67	3	Which of these is not a micro-organism?	{"1": "virus", "2": "cell", "3": "bacteria", "4": "fungus"}	2
68	3	Nepali people need _______ caloric food on an average a day.	{"1": "2000", "2": "2250", "3": "2500", "4": "2750"}	3
69	3	Human body has _______ pieces of bones.	{"1": "204", "2": "206", "3": "208", "4": "210"}	2
70	3	Cause of population change is _______.	{"1": "birth rate", "2": "immigration", "3": "death rate", "4": "all of above"}	4
71	3	Purification of milk is called _______.	{"1": "sterilization", "2": "pasteurization", "3": "distillation", "4": "filtration"}	2
72	3	Child mortality rate in Nepal is high due to _______.	{"1": "fever", "2": "acute respiratory infection", "3": "tetanus", "4": "all of the above"}	4
73	3	Which of these is not a viral disease?	{"1": "poliomyelitis", "2": "measles", "3": "leprosy", "4": "hepatitis"}	3
74	6	Suman speaks ______ English.	{"1": "fluent", "2": "fluently", "3": "fluency", "4": "flowing"}	2
75	6	He is sitting ____ the table ____ the bench.	{"1": "on, on", "2": "at, on", "3": "at, at", "4": "on, at"}	2
76	6	She is junior ______ me.	{"1": "to", "2": "than", "3": "with", "4": "by"}	1
77	6	They ______ him to cut wood.	{"1": "got", "2": "made", "3": "had", "4": "make"}	3
78	6	The letter was written ______ red ink.	{"1": "in", "2": "with", "3": "on", "4": "by"}	1
79	6	The teacher said to me, "You can do if you try".	{"1": "The teacher told me that she could do if I tried.", "2": "The teacher told me that I could do if I tried.", "3": "The teacher told me that you can do if you try.", "4": "The teacher told me that I can do if I try."}	2
80	6	Their _______ based on facts.	{"1": "information is", "2": "informations are", "3": "information are", "4": "informations is"}	1
81	6	You'd better _______ a doctor.	{"1": "seen", "2": "to see", "3": "see", "4": "seeing"}	3
82	6	I have been teaching English ______ 1999.	{"1": "for", "2": "since", "3": "from", "4": "to"}	2
83	6	The correct spelling is _______.	{"1": "karnel", "2": "colonel", "3": "colonell", "4": "kornel"}	2
84	6	She does not _______ money.	{"1": "has", "2": "have", "3": "had", "4": "gets"}	2
85	6	One of the girls _______ gone out.	{"1": "have", "2": "are", "3": "has", "4": "is"}	3
86	6	The hotter it is, _______ I feel.	{"1": "more miserable", "2": "the more miserable", "3": "the much miserable", "4": "the most miserable"}	2
87	6	Antonym of brave is:	{"1": "coward", "2": "army officer", "3": "greedy", "4": "policeman"}	1
88	6	I am _______ to take revenge.	{"1": "good enough", "2": "enough good", "3": "experienced good", "4": "enough better"}	1
89	6	Had I been born in the USA, I _______ a car.	{"1": "had purchased", "2": "will have purchased", "3": "would purchase", "4": "would have purchased"}	4
90	6	He was not _______ Indian.	{"1": "a", "2": "an", "3": "the", "4": "no article"}	2
91	6	Let us go home, _______?	{"1": "shall we", "2": "will we", "3": "will you", "4": "shall I"}	1
92	6	I am used to _______ late night.	{"1": "read", "2": "reading", "3": "reads", "4": "red"}	2
93	6	She is _______ NCC officer.	{"1": "a", "2": "the", "3": "no article", "4": "an"}	4
94	6	The driver is good _______ driving.	{"1": "at", "2": "in", "3": "for", "4": "on"}	1
95	6	She had never _______ by an insect.	{"1": "been stung", "2": "been stunged", "3": "was stung", "4": "been stunged"}	1
96	6	I saw him _______.	{"1": "played", "2": "had played", "3": "play", "4": "to play"}	3
97	6	You will pass the final exam _______ you study hard.	{"1": "because of", "2": "so that", "3": "provided that", "4": "as though"}	3
98	6	In 2020, she ______ in the same school.	{"1": "will be working", "2": "will work", "3": "will have worked", "4": "will be work"}	1
99	1	Astronomical unit (AU) is distance between Earth and Sun. 1 AU =	{"1": "1.496 x 10^8 Km", "2": "9.46 x 10^12 Km", "3": "3.084 x 10^13 Km", "4": "None"}	1
100	1	The magnitude of the sum of the two vectors is equal to the difference of their magnitudes. What is the angle between the vectors?	{"1": "0°", "2": "45°", "3": "90°", "4": "180°"}	4
101	1	A particle is moving on a straight line path with constant acceleration directed along the direction of instantaneous velocity. Which of the following statement is true?	{"1": "Particle may reverse the direction of motion.", "2": "Distance covered = magnitude of displacement.", "3": "Average velocity is less than average speed.", "4": "Average velocity = instantaneous velocity."}	2
102	1	A ball is projected from the top of a tower at an angle 60° with the vertical. What happens to the vertical component of its velocity?	{"1": "Increases continuously.", "2": "Decreases continuously.", "3": "Remains unchanged.", "4": "First decreases and then increases."}	2
103	1	A particle moving along a circular path due to a centripetal force having constant magnitude is an example of motion with:	{"1": "Constant speed and velocity.", "2": "Variable speed and velocity.", "3": "Variable speed and constant velocity.", "4": "Constant speed and variable velocity."}	4
104	1	A rod of mass M and length L is lying on a horizontal table. The work done in making it stand on one end will be:	{"1": "MgL", "2": "MgL/2", "3": "MgL/4", "4": "2MgL"}	2
105	1	A body weighs:	{"1": "Very slightly greater at night", "2": "Very slightly less at night.", "3": "Exactly equal at day & night.", "4": "Zero at night."}	2
106	1	Two vessels have different base area. They are filled with water to the same height. If the amount of water in one be 4 times that in the other, then the ratio of pressure on their bottom will be:	{"1": "16:1", "2": "8:1", "3": "4:1", "4": "1:1"}	4
107	1	The speed of light in air is 3 x 10^8 m/s. What will be its speed in diamond whose refractive index is 2.4?	{"1": "3 x 10^8 m/s", "2": "330 m/s", "3": "1.25 x 10^8 m/s", "4": "224 x 10^8 m/s"}	3
108	1	Critical angle for water is:	{"1": "24°", "2": "49°", "3": "42°", "4": "35°"}	3
109	1	The pressure of H2 gas at a gas thermometer is 80cm at 0°C, 110cm at 100°C. At what temperature will it record 95cm pressure?	{"1": "50°C", "2": "75°C", "3": "95°C", "4": "150°C"}	2
110	1	Heat required to raise the temperature of a body through 1°C is known as:	{"1": "Specific heat capacity", "2": "Water equivalent", "3": "Molar specification", "4": "Thermal capacity"}	4
111	1	The diameter of a wire is reduced to half. Now the resistance changes by factor:	{"1": "2", "2": "4", "3": "8", "4": "16"}	4
129	3	A patient is generally advised to consume more meat, lentils, milk and egg when he/she suffers from:	{"1": "Rickets", "2": "Kwashiorkor", "3": "Anaemia", "4": "Scurvy"}	2
130	3	Tetanus disease is:	{"1": "Viral", "2": "Bacterial", "3": "Fungal", "4": "None"}	2
131	3	Kind of epithelium in inner lining of blood vessels?	{"1": "Cuboidal epithelium", "2": "Columnar", "3": "Ciliated columnar", "4": "Squamous epithelium"}	4
132	3	Which part of brain is involved in regulating body temperature?	{"1": "Medulla oblongata", "2": "Cerebrum", "3": "Cerebellum", "4": "Hypothalamus"}	4
133	3	Antibiotic was coined by:	{"1": "Pasteur", "2": "Edward Jenner", "3": "Fleming", "4": "Salman Waksman"}	4
134	3	Not a feature of Annelida?	{"1": "Closed circulatory system", "2": "Segmentation", "3": "Pseudocoelom", "4": "Ventral nerve cord"}	3
135	3	Evolutionary history of organism is:	{"1": "Phylogeny", "2": "Ancestry", "3": "Paleontology", "4": "Ontogeny"}	1
136	3	HIV that caused AIDS first starts destroying:	{"1": "B-Lymphocytes", "2": "Platelets", "3": "Leucocytes", "4": "Helper T-cells"}	4
137	3	Blood calcium level is lowered by deficiency of:	{"1": "Parathormone", "2": "Calcitonin", "3": "Thyroxine", "4": "Both b and c"}	1
138	3	1st healthy mammal to be cloned is:	{"1": "Molly sheep", "2": "Dolly sheep", "3": "Polly sheep", "4": "Monkey"}	2
139	3	Ribosome can also be called:	{"1": "Microsome", "2": "Oxyosome", "3": "Dictyosome", "4": "Ribonucleotide"}	1
140	3	The first transgenic crop is:	{"1": "Tobacco", "2": "Wheat", "3": "Tomato", "4": "Maize"}	1
141	3	Tobacco mosaic virus is:	{"1": "Rod shaped", "2": "Brick shaped", "3": "Spherical", "4": "None"}	1
142	3	Bacterial DNA is identified as:	{"1": "DNA only", "2": "DNA with histone", "3": "DNA without histone", "4": "DNA and RNA"}	3
143	3	Which is sensitive to SO2 pollution?	{"1": "Lichens", "2": "Algae", "3": "Mosses", "4": "Gymnosperms"}	1
144	3	Cause of motility in male gamete is:	{"1": "Phototaxis", "2": "Chemotaxis", "3": "Thermotaxis", "4": "Thermotropism"}	2
145	3	Milk is purified by:	{"1": "Fermentation", "2": "Pasteurisation", "3": "Preservation", "4": "Sterilisation"}	2
146	3	Pollution can bring change in:	{"1": "Abiotic environment", "2": "Biotic environment", "3": "Both a and b", "4": "Animals"}	3
147	3	BOD is:	{"1": "Biological oxygen deficit", "2": "Biosphere oxygen demand", "3": "Biological oxygen demand", "4": "None"}	3
148	3	Which part of cinchona is used as a drug?	{"1": "Bark", "2": "Leaf", "3": "Pericarp", "4": "Endosperm"}	1
149	5	Set A is a proper subset of B if:	{"1": "A-B ⊂ A", "2": "B-A ⊂ B", "3": "A ⊂ B", "4": "A ⊄ B"}	3
150	5	If A and B are two sets containing 10 and 20 distinct elements respectively, then the minimum number of elements in A∪B is:	{"1": "30", "2": "50", "3": "40", "4": "80"}	1
151	5	The value of |sin²θ-cos²θ|:	{"1": "2", "2": "-1", "3": "π", "4": "0"}	1
152	5	The sum of the series Sn = 1² + 2² + 3² + .....n² is:	{"1": "n(n+1)", "2": "n(n+1)(2n+1)/6", "3": "n(n+1)/2", "4": "(n+1)²/2"}	2
153	5	If 6, 18, 24, 162 .....are in G.S. then common ratio r is:	{"1": "12", "2": "9", "3": "3", "4": "7"}	3
154	5	If 2Sin²θ + √3Cosθ + 1 = 0, then θ =	{"1": "150°", "2": "120°", "3": "180°", "4": "90°"}	1
155	5	Let F→R be defined by f(x) = Sin X and g→R be defined by g(x) = x², then g∘f(x) =	{"1": "Sin²x", "2": "2Sinx", "3": "Sinx²", "4": "2Cosx"}	1
156	5	If Cosθ + Secθ = 2, then the value of Sec⁷θ + Cos⁵θ =	{"1": "2", "2": "1", "3": "1/2", "4": "√3"}	2
157	5	If 4 Sin⁻¹x + Cos⁻¹x = π then the value of x is:	{"1": "1", "2": "√3/2", "3": "1/√2", "4": "1/2"}	4
158	5	Find dy/dx, If x = at², y = 2at.	{"1": "t", "2": "t/2", "3": "2/t", "4": "1/t²"}	3
159	5	Find the derivative of e^(2x+3)	{"1": "2e^(2x)", "2": "2e^(2x+3)", "3": "2e^2", "4": "2e^(2x+6)"}	2
160	5	For parallel or anti-parallel vectors θ is:	{"1": "0° or 90°", "2": "90° or 180°", "3": "0° or 180°", "4": "180° or 360°"}	3
161	5	If a⃗ = i⃗ + j⃗ - k⃗ and b⃗, c⃗ are any two vectors. Find the angle between two.	{"1": "π/3", "2": "π/4", "3": "π/2", "4": "none"}	4
162	5	For what value of k, 3x² - 4kxy + 5y² = 0 represents a pair of co-incident lines?	{"1": "±2/√15", "2": "±3/√15", "3": "±5/√15", "4": "±4/√15"}	1
163	5	The lines are real and distinct if:	{"1": "h² > ab", "2": "h² < ab", "3": "h² = ab", "4": "none"}	1
164	5	The value of k for which the equation 2x² - 7xy + 3y² - 5x - 5y + k = 0 represents a pair of straight lines?	{"1": "4", "2": "-3", "3": "2", "4": "6"}	1
165	5	If ax + by + c₁ = 0 and ax + by + c₂ = 0 are two parallel lines, then distance between them is:	{"1": "|c₁-c₂|/√(a²+b²)", "2": "|c₁-c₂|/√a²+b²", "3": "|c₁-c₂|/√(a+b)", "4": "none"}	1
166	5	The equation of tangent to circle x² + y² + 4x - 6y - 13 = 0 at point (3,4) is:	{"1": "3x + 4y = 17", "2": "2x - 7y = 9", "3": "5x + y = 19", "4": "5x + 3y = 1"}	1
167	5	The straight line (x + y + 1) + λ(2x - y - 1) = 0 is perpendicular to the line 2x + 3y - 8 = 0, then λ =	{"1": "7", "2": "-5", "3": "1", "4": "3"}	2
168	5	If a polygon has same number of diagonals as its sides, it is a:	{"1": "pentagon", "2": "Hexagon", "3": "Heptagon", "4": "Octagon"}	3
169	5	A certain pump can drain a fuel 375 gallon tank in 15 minutes. At this rate, how many more minutes would it take to drain a full 600 gallon tank?	{"1": "24", "2": "18", "3": "15", "4": "9"}	4
170	5	From 1985 to 1990, the berry production of bush x increased by 20%. From 1990 to 1995, it increased by 30%. What was percentage increased in berry production over the entire 10 years 1985 to 1995?	{"1": "50%", "2": "53%", "3": "56%", "4": "60%"}	3
171	5	If f(x) = x + 2 and g(x) = x³, then f∘g(1) is:	{"1": "2", "2": "3", "3": "1", "4": "4"}	2
172	5	A business man marked the selling price of an article 20% above the cost price. If he sells the article at 10% discount on marked price, find the profit percentage?	{"1": "8%", "2": "12%", "3": "10%", "4": "14%"}	1
173	5	A women is 6 years younger to her husband and he is 5 times as old as his daughter. If daughter was 7 years old two years back, what is the age of woman?	{"1": "39 years", "2": "45 years", "3": "50 years", "4": "35 years"}	1
174	5	∫7x³/² dx is:	{"1": "14x^(5/2) + c", "2": "14/5x^(5/2) + c", "3": "5/14x^(5/2) + c", "4": "7/2x^(5/2) + c"}	2
175	5	∫dx/x√(x²-1) is:	{"1": "log(√(x²-1)) + c", "2": "2x + c", "3": "2√(x²-1)", "4": "2x² + c"}	1
176	5	In a building with 10 floors, the number of rooms in each floor is R. If each room has C chairs, total chairs in building is:	{"1": "10R + C", "2": "10R + 10C", "3": "10RC", "4": "10/RC"}	3
177	5	Solve for x: x-√(x-1) = √(x-2)	{"1": "1/3", "2": "3", "3": "1/2", "4": "2"}	2
178	5	Area of triangle with sides x = 0, y = 0 and 4x + 5y = 20 is:	{"1": "20", "2": "10", "3": "5", "4": "1"}	2
179	6	His pocket has been picked. It means:	{"1": "Picked his been his pocket", "2": "They have his pocket picked.", "3": "Someone has picked his pocket.", "4": "Picking has been done to his pocket."}	3
180	6	More serious from the parent's point of view than the increasing expenditure on children's education is finding a good school. The more serious thing is:	{"1": "The parent's point of view", "2": "finding a good school", "3": "Children's education", "4": "increasing education"}	2
181	6	Here's my report ----- it at last.	{"1": "I finish", "2": "I finished", "3": "I've finished", "4": "I'm finished"}	3
182	6	Your parents are very upset with you and you are regretting over the wrong doing.	{"1": "I wish they would understand me", "2": "I wish I could tell them the truth", "3": "I wish I hadn't disobeyed them", "4": "I wish they were happy"}	3
183	6	He gave up ............	{"1": "Smoke", "2": "to smoke", "3": "Smoking", "4": "to smoke"}	3
184	6	The professor and psychologist......... come.	{"1": "has", "2": "have", "3": "has", "4": "was"}	2
185	6	Where's Robert? ........ a shower?	{"1": "Does he have", "2": "Has he", "3": "Has he got", "4": "Is he having"}	4
186	6	An Englishman killed his mother for trying to save an Indian's life. The person trying to save the Indian's life..........	{"1": "was an English woman", "2": "was saved", "3": "was Killed", "4": "was an Indian"}	1
187	6	I didn't use to smoke in the past but these days I'm used to.......	{"1": "Smoke", "2": "smokes", "3": "Smoked", "4": "smoking"}	4
188	6	Indirect speech of: She said. "Good bye, my friend."	{"1": "She told her friends good bye.", "2": "She bade good bye to her friends.", "3": "She shouted good bye to her friends.", "4": "She shouted good bye to her friends."}	2
189	6	Fate smiles...... him in all his ventures.	{"1": "upon", "2": "at", "3": "with", "4": "for"}	1
190	6	The downfall of this dictatorial regime is ...	{"1": "imminent", "2": "eminent", "3": "urgent", "4": "optional"}	1
191	6	Unexpected change in somebody's fortune is called:	{"1": "Vicissitude", "2": "Verisimilitude", "3": "Fortunate", "4": "Catastrophe"}	1
192	6	It's time to take tea. It means .............	{"1": "tea should be taken", "2": "tea is to be taken", "3": "it's time for tea to be taken", "4": "tea should be taken now"}	4
193	6	When I looked round the door, the baby ......... quietly.	{"1": "is sleeping", "2": "slept", "3": "was sleeping", "4": "were sleeping"}	3
194	6	......... a party next Friday. We've sent out the invitations.	{"1": "We had", "2": "We have", "3": "We'll have", "4": "We are having"}	4
195	6	By 2020, I..... Bachelor's in science.	{"1": "complete", "2": "am completing", "3": "will complete", "4": "will have completed"}	4
196	6	Julia was out of breath because .........	{"1": "she had been running", "2": "She did run", "3": "she's been running", "4": "she's run"}	1
197	6	This house is ...of the two.	{"1": "the best", "2": "the better that", "3": "the better", "4": "better"}	3
198	6	At this time tomorrow....... Over the Pacific Ocean.	{"1": "we flying", "2": "we'll fly", "3": "we'll be flying", "4": "we to fly"}	3
199	7	What is the brain of a computer?	{"1": "RAM", "2": "CPU", "3": "Hard Disk", "4": "Monitor"}	2
112	2	Who discovered electron?	{"1": "Thomson", "2": "Goldstein", "3": "Rutherford", "4": "Chadwick"}	1
113	2	Which of the following is called red planet?	{"1": "Venus", "2": "Mercury", "3": "Mars", "4": "Jupiter"}	3
114	2	The waste material present in an ore is called:	{"1": "Flux", "2": "Alloy", "3": "Gangue", "4": "Slag"}	3
115	2	Vapour density of a gas is 22. Its molecular weight will be:	{"1": "33", "2": "22", "3": "44", "4": "11"}	3
116	2	If 30g of Mg and 30g of O2 are reacted, then the residual mixture contains:	{"1": "40g MgO + 20g O2", "2": "45g MgO + 15g O2", "3": "50g MgO + 10g O2", "4": "60g MgO only"}	3
117	2	Which of the following set of quantum number is not possible?	{"1": "n = 2, l = 1, m = 0, s = +1/2", "2": "n = 2, l = 2, m = +1, s = -1/2", "3": "n = 2, l = 1, m = -1, s = +1/2", "4": "n = 2, l = 1, m = 0, s = -1/2"}	2
118	2	Radioactivity was discovered by:	{"1": "Henry Becquerel", "2": "Rutherford", "3": "J.J Thompson", "4": "Madam Curie"}	1
119	2	Which of the following expression at pressure represents Charles' law?	{"1": "V α 1/T", "2": "V α 1/T²", "3": "V α T", "4": "V = d"}	3
120	2	Solid CO2 is an example of:	{"1": "Ionic crystal", "2": "Covalent crystal", "3": "Metallic crystal", "4": "Molecular crystal"}	4
121	2	Which bond has maximum M.P. and B.P?	{"1": "Ionic", "2": "Covalent", "3": "CO-ordinate covalent", "4": "Hydrogen bond"}	1
122	2	The atomic no. of an element is 38. In which block does it lie?	{"1": "s-block", "2": "p-block", "3": "d-block", "4": "f-block"}	1
123	2	During fermentation of glucose the enzyme used is:	{"1": "Zymase", "2": "Lipase", "3": "Invertase", "4": "Amylase"}	1
124	2	What is the empirical formula of a hydrocarbon containing 75% carbon?	{"1": "C2H4", "2": "CH4", "3": "C3H9", "4": "C2H6"}	2
125	2	Example of amphoteric oxide is:	{"1": "SO2", "2": "Na2O", "3": "ZnO", "4": "NO"}	3
126	2	Colour pigments can be separated by:	{"1": "Filtration", "2": "Distillation", "3": "Chromatography", "4": "Sublimation"}	3
127	2	Which one is manufactured from sea weeds?	{"1": "F2", "2": "I2", "3": "Cl2", "4": "Br2"}	2
128	2	The gas used in welding of iron or steel is:	{"1": "Methane", "2": "Ethane", "3": "Ethylene", "4": "Acetylene"}	4
200	10	Which planet is known as the Red Planet?	{"1": "Earth", "2": "Mars", "3": "Jupiter", "4": "Venus"}	2
201	10	Who wrote the national anthem of India?	{"1": "Rabindranath Tagore", "2": "Mahatma Gandhi", "3": "Jawaharlal Nehru", "4": "Subhash Chandra Bose"}	1
202	10	What is the capital city of Nepal?	{"1": "Pokhara", "2": "Kathmandu", "3": "Lalitpur", "4": "Bhaktapur"}	2
203	10	Which gas is essential for us to breathe?	{"1": "Carbon Dioxide", "2": "Hydrogen", "3": "Oxygen", "4": "Nitrogen"}	3
204	10	Who was the first man to walk on the Moon?	{"1": "Neil Armstrong", "2": "Yuri Gagarin", "3": "Buzz Aldrin", "4": "Michael Collins"}	1
205	10	What is the largest mammal in the world?	{"1": "Elephant", "2": "Blue Whale", "3": "Giraffe", "4": "Hippopotamus"}	2
206	10	In which continent is the Sahara Desert located?	{"1": "Asia", "2": "Africa", "3": "Australia", "4": "South America"}	2
207	10	Who is the current Secretary-General of the United Nations (as of 2024)?	{"1": "Ban Ki-moon", "2": "Antonio Guterres", "3": "Kofi Annan", "4": "Tedros Adhanom"}	2
208	10	Which country is known as the Land of the Rising Sun?	{"1": "China", "2": "Nepal", "3": "Japan", "4": "Thailand"}	3
209	10	What is the smallest prime number?	{"1": "0", "2": "1", "3": "2", "4": "3"}	3
210	10	Which organ purifies our blood?	{"1": "Lungs", "2": "Heart", "3": "Kidney", "4": "Liver"}	3
211	10	What is the boiling point of water in Celsius?	{"1": "100", "2": "0", "3": "50", "4": "120"}	1
212	10	Which festival is known as the festival of lights?	{"1": "Holi", "2": "Diwali", "3": "Eid", "4": "Christmas"}	2
213	10	Who discovered gravity?	{"1": "Einstein", "2": "Galileo", "3": "Newton", "4": "Faraday"}	3
214	10	How many continents are there?	{"1": "5", "2": "6", "3": "7", "4": "8"}	3
215	10	Which bird is known for its mimicry of human speech?	{"1": "Crow", "2": "Sparrow", "3": "Parrot", "4": "Peacock"}	3
216	10	Which metal is liquid at room temperature?	{"1": "Iron", "2": "Mercury", "3": "Gold", "4": "Silver"}	2
217	10	What color do you get when you mix red and blue?	{"1": "Green", "2": "Purple", "3": "Brown", "4": "Pink"}	2
218	10	Which vitamin is known as the sunshine vitamin?	{"1": "Vitamin A", "2": "Vitamin C", "3": "Vitamin D", "4": "Vitamin B"}	3
219	10	Which is the largest ocean in the world?	{"1": "Atlantic Ocean", "2": "Indian Ocean", "3": "Arctic Ocean", "4": "Pacific Ocean"}	4
\.


--
-- Data for Name: mock_tests; Type: TABLE DATA; Schema: public; Owner: bijay
--

COPY public.mock_tests (id, stream_id, title, time_limit) FROM stdin;
1	1	Digital Logic	10
2	1	C Programming	10
3	1	Mathematics I	10
4	2	Computer Science	75
5	2	Biology	75
\.


--
-- Data for Name: notifications; Type: TABLE DATA; Schema: public; Owner: bijay
--

COPY public.notifications (id, user_id, message, is_read, created_at) FROM stdin;
\.


--
-- Data for Name: sections; Type: TABLE DATA; Schema: public; Owner: bijay
--

COPY public.sections (id, name, question_count, marks_per_question, negative_marking) FROM stdin;
1	Main	10	1	0
2	Chemistry	20	1	0
3	Biology	20	1	0
4	Physics	20	1	0
5	Mathematics	20	1	0
6	English	10	1	0
7	Computer Science	20	1	0
8	main	10	1	0
9	main	10	1	0
10	Genaral Knowledge	10	1	0
\.


--
-- Data for Name: streams; Type: TABLE DATA; Schema: public; Owner: bijay
--

COPY public.streams (id, name) FROM stdin;
1	BCA
2	+2 Entrance
\.


--
-- Data for Name: test_section_links; Type: TABLE DATA; Schema: public; Owner: bijay
--

COPY public.test_section_links (mock_test_id, section_id, test_id) FROM stdin;
1	1	\N
2	8	\N
3	9	\N
4	2	\N
4	4	\N
4	5	\N
4	6	\N
4	7	\N
4	10	\N
5	2	\N
5	3	\N
5	10	\N
\.


--
-- Data for Name: user_scores; Type: TABLE DATA; Schema: public; Owner: bijay
--

COPY public.user_scores (id, user_id, mock_test_id, score, elapsed_time, created_at) FROM stdin;
803	3	5	6	276	2025-04-28 12:50:42.838+00
804	8	5	10	308	2025-04-30 01:46:40.551+00
805	1	3	8	401	2025-05-01 04:55:29.173+00
806	8	2	8	244	2025-04-30 13:40:01.614+00
807	4	1	6	408	2025-04-30 00:42:42.688+00
808	4	1	9	547	2025-05-03 17:40:18.749+00
809	7	3	7	341	2025-04-28 03:03:24.412+00
810	9	5	9	313	2025-04-28 12:31:04.17+00
811	10	3	6	369	2025-05-02 19:00:21.596+00
812	1	3	9	281	2025-04-30 06:40:52.172+00
813	7	5	9	550	2025-04-26 03:07:03.22+00
814	4	1	8	473	2025-04-30 14:00:44.59+00
815	8	3	8	600	2025-05-02 06:42:03.066+00
816	2	1	7	466	2025-05-02 03:37:41.997+00
817	2	1	7	393	2025-04-28 07:55:56.016+00
818	1	1	6	597	2025-05-03 23:52:10.246+00
819	2	5	8	309	2025-05-01 02:15:24.533+00
820	5	5	8	525	2025-05-04 22:00:47.112+00
821	5	5	10	346	2025-04-27 14:45:57.649+00
822	2	2	10	492	2025-04-27 16:40:09.379+00
823	3	3	9	416	2025-05-03 15:14:14.03+00
824	8	1	7	254	2025-04-26 04:30:32.934+00
825	3	3	9	418	2025-05-03 19:13:16.215+00
826	5	3	9	464	2025-05-03 01:26:52.557+00
827	7	4	7	307	2025-05-04 10:05:51.98+00
828	4	5	8	402	2025-04-30 11:31:46.549+00
829	1	3	7	208	2025-04-30 01:15:34.277+00
830	4	3	9	438	2025-04-29 21:56:00.635+00
831	10	3	8	588	2025-05-02 09:38:05.68+00
832	7	1	10	468	2025-05-02 18:52:50.578+00
833	10	3	8	395	2025-04-26 16:08:59.057+00
834	3	1	9	311	2025-04-28 21:08:55.642+00
835	3	3	7	499	2025-04-28 01:51:51.005+00
836	7	3	8	344	2025-04-26 20:50:56.337+00
837	10	1	6	428	2025-04-28 20:52:19.428+00
838	3	4	7	280	2025-04-28 19:57:43.278+00
839	3	5	6	409	2025-05-02 17:57:49.73+00
840	10	3	7	339	2025-05-02 08:41:07.653+00
841	9	5	10	467	2025-04-28 07:01:31.175+00
842	8	5	8	200	2025-05-02 10:44:09.265+00
843	2	1	10	341	2025-04-27 00:39:42.713+00
844	5	1	10	553	2025-04-27 11:16:32.45+00
845	1	4	8	440	2025-04-26 08:18:43.612+00
846	5	1	7	339	2025-05-03 06:35:28.149+00
847	10	5	6	542	2025-05-02 11:46:30.595+00
848	8	3	9	532	2025-04-30 07:47:17.663+00
849	10	3	10	310	2025-04-26 02:09:59.825+00
850	5	3	10	202	2025-05-04 12:13:57.337+00
851	7	4	9	359	2025-04-28 16:15:14.166+00
852	2	2	6	518	2025-05-04 12:56:18.505+00
853	3	5	9	305	2025-05-03 22:39:48.335+00
854	3	4	6	496	2025-05-03 14:27:23.576+00
855	1	5	9	528	2025-04-27 22:10:39.213+00
856	1	5	9	451	2025-04-27 07:10:26.813+00
857	1	1	8	264	2025-05-01 11:05:41.464+00
858	6	4	6	485	2025-05-01 10:43:01.32+00
859	2	2	7	534	2025-04-29 00:17:33.268+00
860	8	3	6	411	2025-05-03 11:45:17.118+00
861	6	1	7	588	2025-04-29 14:14:14.851+00
862	3	3	6	342	2025-04-27 15:45:15.223+00
863	2	5	8	387	2025-04-30 00:47:58.766+00
864	6	5	7	531	2025-04-26 07:00:08.499+00
865	7	3	8	272	2025-04-28 15:13:45.383+00
866	9	5	6	267	2025-05-01 13:58:57.205+00
867	2	5	8	276	2025-04-29 15:23:55.868+00
868	4	3	8	599	2025-05-02 00:28:50.385+00
869	5	4	7	546	2025-05-02 16:42:02.931+00
870	8	3	9	266	2025-05-03 15:50:32.439+00
871	1	4	6	437	2025-05-01 14:10:51.454+00
872	2	3	10	260	2025-04-30 21:45:41.145+00
873	3	2	10	268	2025-05-01 03:46:42.247+00
874	6	3	10	325	2025-04-26 00:38:59.531+00
875	3	5	10	246	2025-05-02 02:04:58.267+00
876	6	1	8	303	2025-04-27 13:16:40.973+00
877	7	2	9	386	2025-04-30 23:59:26.328+00
878	9	1	10	323	2025-04-28 20:45:47.195+00
879	5	2	6	366	2025-04-28 19:23:43.757+00
880	10	4	10	525	2025-05-04 03:21:57.513+00
881	8	3	9	479	2025-04-26 19:57:39.011+00
882	6	1	6	296	2025-05-01 20:33:49.643+00
883	5	3	10	365	2025-05-02 15:31:05.946+00
884	9	5	9	592	2025-04-26 05:59:14.41+00
885	2	1	6	381	2025-05-01 04:54:12.308+00
886	1	3	8	348	2025-04-28 06:39:04.109+00
887	8	4	10	310	2025-05-02 08:14:35.439+00
888	8	1	10	389	2025-04-27 10:08:11.499+00
889	10	2	7	330	2025-04-26 06:42:48.815+00
890	9	3	8	202	2025-05-04 15:55:02.059+00
891	2	1	8	459	2025-04-29 09:43:28.239+00
892	10	5	8	382	2025-05-04 10:25:04.802+00
893	3	5	8	551	2025-04-27 17:26:10.339+00
894	5	1	6	231	2025-05-02 02:52:57.302+00
895	10	2	10	323	2025-05-01 20:04:20.563+00
896	8	3	8	202	2025-05-01 21:44:20.563+00
897	2	1	7	362	2025-05-01 07:27:13.111+00
898	3	4	7	286	2025-04-30 15:49:15.38+00
899	2	4	6	351	2025-04-27 21:23:39.038+00
900	3	2	8	587	2025-05-01 16:09:12.745+00
901	8	2	10	260	2025-04-28 02:10:17.357+00
902	6	1	10	525	2025-04-29 04:48:41.159+00
903	1	3	8	402	2025-04-26 04:08:41.78+00
904	3	2	10	275	2025-04-30 05:38:29.726+00
905	6	1	6	203	2025-04-29 13:04:40.068+00
906	4	4	9	407	2025-04-30 01:35:25.687+00
907	4	5	7	600	2025-05-01 12:52:29.207+00
908	8	3	10	451	2025-05-03 13:29:51.266+00
909	2	3	10	422	2025-04-28 11:34:51.411+00
910	7	4	9	391	2025-05-01 21:46:25.809+00
911	5	5	8	405	2025-05-04 16:38:40.608+00
912	2	1	7	454	2025-04-27 04:03:06.4+00
913	2	5	10	340	2025-04-26 03:32:04.526+00
914	3	5	7	503	2025-04-29 23:52:47.372+00
915	5	3	10	485	2025-05-04 20:46:25.918+00
916	9	3	10	480	2025-05-02 12:55:18.328+00
917	7	5	9	240	2025-04-26 21:51:35.811+00
918	4	3	6	585	2025-05-04 01:20:41.025+00
919	8	3	7	522	2025-05-04 04:18:42.692+00
920	3	3	7	363	2025-04-29 11:37:44.016+00
921	9	1	7	430	2025-05-04 11:10:01.533+00
922	3	5	7	484	2025-05-01 06:53:42.791+00
923	2	4	10	327	2025-04-26 06:28:02.733+00
924	7	5	8	354	2025-04-30 02:11:24.846+00
925	9	2	6	265	2025-05-04 03:32:55.038+00
926	6	5	7	287	2025-04-28 06:54:13.167+00
927	4	5	9	514	2025-05-04 12:14:15.581+00
928	10	5	10	283	2025-05-01 00:02:31.449+00
929	4	4	7	376	2025-05-02 07:30:55.833+00
930	7	2	9	522	2025-04-28 19:33:22.939+00
931	5	5	10	247	2025-05-01 01:19:38.466+00
932	4	1	8	219	2025-04-26 07:17:49.001+00
933	4	4	7	472	2025-05-03 04:14:49.755+00
934	2	4	6	585	2025-05-04 18:28:18.57+00
935	2	2	10	374	2025-04-26 17:44:09.415+00
936	10	5	6	308	2025-05-02 01:46:15.889+00
937	10	5	8	440	2025-04-27 13:25:41.171+00
938	10	4	6	571	2025-05-02 03:44:30.931+00
939	3	5	6	227	2025-04-27 20:25:32.087+00
940	1	5	10	373	2025-05-02 07:35:33.053+00
941	5	1	6	247	2025-04-28 12:19:08.163+00
942	1	5	9	545	2025-04-26 22:56:12.087+00
943	8	2	10	367	2025-05-01 19:02:59.471+00
944	1	2	7	350	2025-04-27 03:53:23.373+00
945	7	1	6	257	2025-04-27 05:45:11.605+00
946	1	4	8	258	2025-04-26 16:04:16.044+00
947	9	4	8	313	2025-05-04 01:40:23.816+00
948	10	1	6	588	2025-04-26 22:28:16.774+00
949	2	3	7	561	2025-04-30 14:43:50.526+00
950	7	1	10	547	2025-05-03 18:52:07.417+00
951	6	3	9	570	2025-04-29 13:19:07.838+00
952	5	2	9	484	2025-04-28 00:15:33.497+00
953	6	5	8	231	2025-04-30 12:32:04.063+00
954	10	5	6	292	2025-04-28 03:50:17.967+00
955	8	5	9	507	2025-04-28 04:30:46.853+00
956	4	3	9	427	2025-04-29 17:34:00.572+00
957	2	1	7	431	2025-04-29 08:08:16.452+00
958	8	2	7	466	2025-05-01 10:37:09.192+00
959	4	3	10	478	2025-05-03 17:16:59.85+00
960	5	1	7	462	2025-05-04 05:30:11.164+00
961	2	1	7	264	2025-04-29 06:23:26.552+00
962	9	4	8	306	2025-04-30 19:24:20.633+00
963	3	1	6	296	2025-04-26 05:19:37.287+00
964	4	1	10	325	2025-04-29 01:12:26.502+00
965	6	1	7	292	2025-04-26 19:10:34.884+00
966	5	4	9	243	2025-04-28 18:12:35.548+00
967	2	1	8	330	2025-05-02 08:08:57.765+00
968	5	1	9	522	2025-05-02 20:59:28.394+00
969	5	2	10	527	2025-05-02 21:41:37.875+00
970	8	1	10	378	2025-05-02 13:07:19.911+00
971	7	5	8	431	2025-04-26 22:44:07.421+00
972	7	3	10	378	2025-04-29 00:02:27.243+00
973	10	3	7	450	2025-05-04 22:40:25.019+00
974	4	3	10	591	2025-05-03 08:03:52.884+00
975	8	4	8	564	2025-04-26 23:46:38.095+00
976	10	3	7	285	2025-04-28 19:26:02.138+00
977	5	3	10	570	2025-05-03 05:09:41.932+00
978	3	2	7	410	2025-04-26 01:55:18.307+00
979	9	2	6	244	2025-05-04 11:06:53.896+00
980	4	1	6	442	2025-05-04 02:26:18.353+00
981	8	1	6	420	2025-05-04 15:36:55.693+00
982	4	1	8	339	2025-04-27 04:43:53.016+00
983	7	1	8	344	2025-04-29 17:05:01.556+00
984	6	3	9	243	2025-05-04 22:04:04.365+00
985	7	3	10	537	2025-04-26 04:29:26.869+00
986	3	5	7	573	2025-04-29 00:25:05.831+00
987	2	5	9	501	2025-04-26 10:43:33.705+00
988	6	3	10	258	2025-04-29 19:05:37.479+00
989	8	3	8	503	2025-05-02 23:09:33.779+00
990	5	5	6	300	2025-04-27 17:42:36.241+00
991	8	1	7	586	2025-05-01 22:25:33.315+00
992	7	5	10	397	2025-05-04 13:23:16.878+00
993	10	3	8	597	2025-04-29 20:49:55.363+00
994	8	3	10	459	2025-04-28 21:58:56.199+00
995	7	5	7	509	2025-05-01 07:15:16.173+00
996	10	4	7	544	2025-04-27 10:29:07.107+00
997	5	2	9	250	2025-05-04 19:34:56.992+00
998	1	2	8	234	2025-04-26 06:52:23.791+00
999	3	3	10	356	2025-04-30 21:48:13.723+00
1000	7	2	7	442	2025-05-01 10:21:14.1+00
1001	6	1	9	416	2025-04-27 10:35:59.012+00
1002	9	2	6	533	2025-05-03 23:30:05.262+00
1003	1	3	8	220	2025-05-04 15:31:25.805+00
1004	1	5	9	256	2025-05-02 22:42:44.253+00
1005	4	4	9	578	2025-05-04 12:23:49.466+00
1006	8	3	8	451	2025-04-28 02:31:30.518+00
1007	5	5	8	223	2025-04-28 07:33:31.389+00
1008	5	5	7	508	2025-05-03 23:12:43.674+00
1009	1	1	8	333	2025-04-30 10:11:29.146+00
1010	2	2	7	498	2025-04-29 09:27:04.896+00
1011	3	4	6	202	2025-04-26 07:24:57.073+00
1012	10	2	10	388	2025-04-27 16:29:27.851+00
1013	3	3	7	408	2025-04-27 09:32:05.888+00
1014	5	4	8	519	2025-04-29 17:54:47.898+00
1015	8	2	6	478	2025-04-29 20:58:17.747+00
1016	4	2	7	333	2025-04-26 05:15:26.383+00
1017	4	5	8	590	2025-04-28 01:50:15.134+00
1018	10	2	10	589	2025-04-26 09:46:41.278+00
1019	1	4	7	220	2025-05-02 13:10:41.899+00
1020	8	2	6	451	2025-04-30 22:09:05.332+00
1021	6	4	9	299	2025-04-29 01:31:40.908+00
1022	9	4	7	529	2025-04-26 16:58:12.479+00
1023	9	1	6	252	2025-05-04 04:51:13.192+00
1024	9	3	6	294	2025-05-02 17:03:38.819+00
1025	4	1	10	216	2025-04-30 17:29:18.687+00
1026	9	1	6	596	2025-04-26 00:27:03.755+00
1027	6	1	8	455	2025-04-28 12:32:33.018+00
1028	2	5	7	335	2025-04-29 03:30:21.977+00
1029	10	4	7	594	2025-04-27 13:51:22.926+00
1030	5	1	7	600	2025-05-03 23:59:28.337+00
1031	6	3	7	556	2025-04-30 05:44:27.053+00
1032	3	2	9	370	2025-05-01 19:13:45.693+00
1033	8	5	10	399	2025-04-26 13:28:38.922+00
1034	3	4	9	434	2025-04-28 00:38:47.783+00
1035	7	1	9	327	2025-05-01 22:55:05.109+00
1036	7	3	10	487	2025-05-04 04:58:20.011+00
1037	2	3	6	309	2025-04-30 05:01:46.355+00
1038	4	1	9	444	2025-05-01 04:48:30.5+00
1039	3	2	8	304	2025-05-02 20:00:19.857+00
1040	1	2	10	205	2025-04-28 02:41:35.542+00
1041	1	5	7	457	2025-04-27 12:52:05.809+00
1042	2	4	6	215	2025-04-26 21:10:30.806+00
1043	5	3	10	371	2025-04-30 23:56:04.294+00
1044	3	3	10	300	2025-04-28 21:57:31.348+00
1045	3	5	8	288	2025-05-01 14:56:53.894+00
1046	5	5	9	298	2025-04-26 23:21:18.976+00
1047	9	2	9	571	2025-05-04 11:19:17.659+00
1048	2	1	7	488	2025-05-03 14:48:50.697+00
1049	10	2	9	454	2025-05-04 11:05:35.712+00
1050	3	2	7	291	2025-05-02 13:47:48.937+00
1051	6	2	10	565	2025-05-01 10:39:56.749+00
1052	4	3	10	437	2025-04-26 19:57:38.966+00
1053	9	5	10	511	2025-05-04 12:06:36.535+00
1054	10	2	9	298	2025-04-26 19:21:35.392+00
1055	7	1	7	355	2025-04-26 11:24:04.233+00
1056	10	4	6	317	2025-04-27 00:07:16.256+00
1057	8	3	10	475	2025-05-01 05:58:30.823+00
1058	8	1	7	327	2025-04-28 11:00:22.053+00
1059	2	4	6	260	2025-05-01 02:14:10.359+00
1060	2	1	6	496	2025-04-29 05:36:28.475+00
1061	4	3	7	261	2025-05-04 09:01:52.176+00
1062	7	5	7	223	2025-04-28 05:35:59.388+00
1063	7	2	7	220	2025-04-29 11:56:11.796+00
1064	8	4	8	433	2025-05-03 06:20:15.377+00
1065	4	5	6	506	2025-04-29 13:50:57.116+00
1066	9	2	6	380	2025-05-01 03:34:42.456+00
1067	2	3	6	457	2025-05-04 08:05:00.549+00
1068	7	4	8	290	2025-05-01 06:03:45.79+00
1069	8	2	6	374	2025-04-29 19:41:48.039+00
1070	1	4	6	309	2025-05-03 09:23:36.295+00
1071	8	2	8	391	2025-05-02 12:45:33.484+00
1072	6	1	8	398	2025-05-04 02:38:44.409+00
1073	2	5	10	558	2025-04-28 21:41:01.884+00
1074	5	3	8	584	2025-05-01 12:50:46.204+00
1075	1	4	10	214	2025-05-01 22:58:19.913+00
1076	1	1	8	245	2025-05-01 17:05:34.632+00
1077	2	1	6	595	2025-04-26 12:49:05.954+00
1078	9	3	7	341	2025-04-26 13:21:33.954+00
1079	3	5	9	380	2025-04-30 23:50:28.771+00
1080	5	4	9	206	2025-05-04 06:58:13.652+00
1081	1	3	6	593	2025-04-28 21:57:55.043+00
1082	4	2	9	514	2025-04-27 12:03:27.781+00
1083	8	2	7	217	2025-05-02 11:33:59.927+00
1084	9	3	8	479	2025-04-28 16:14:55.608+00
1085	8	4	9	305	2025-04-26 05:11:46.514+00
1086	5	5	10	416	2025-04-30 13:55:45.256+00
1087	2	5	8	417	2025-05-02 17:57:50.871+00
1088	1	1	9	388	2025-05-02 20:32:57.891+00
1089	9	2	6	525	2025-04-29 04:53:19.654+00
1090	4	4	7	373	2025-04-26 21:42:19.01+00
1091	10	4	6	539	2025-04-27 09:50:14.038+00
1092	8	5	7	340	2025-05-02 20:25:02.442+00
1093	10	1	9	282	2025-04-28 20:50:07.651+00
1094	7	5	9	463	2025-04-26 19:07:26.277+00
1095	6	3	7	319	2025-04-26 00:21:46.352+00
1096	3	5	8	246	2025-05-02 22:12:47.051+00
1097	10	1	8	368	2025-05-04 19:29:35.558+00
1098	8	1	10	431	2025-04-27 04:08:07.113+00
1099	7	1	8	235	2025-04-28 16:38:54.197+00
1100	3	4	9	474	2025-05-03 20:31:53.851+00
1101	5	3	7	215	2025-04-26 17:28:09.377+00
1102	4	4	8	287	2025-05-04 14:15:24.254+00
1103	8	5	8	249	2025-04-26 19:30:35.851+00
1104	4	1	6	560	2025-05-04 14:11:29.111+00
1105	3	3	9	214	2025-05-01 16:37:41.542+00
1106	7	5	9	303	2025-05-02 19:45:46.686+00
1107	4	4	6	520	2025-04-29 06:51:02.949+00
1108	1	4	9	477	2025-04-28 01:36:34.539+00
1109	4	4	7	552	2025-04-27 05:47:30.987+00
1110	1	5	9	318	2025-04-27 20:20:56.879+00
1111	8	2	7	205	2025-04-26 21:48:15.716+00
1112	3	2	9	583	2025-04-26 14:35:50.927+00
1113	9	5	9	536	2025-05-01 10:33:50.409+00
1114	9	3	7	312	2025-05-02 06:06:39.524+00
1115	7	5	9	253	2025-05-02 22:18:07.826+00
1116	5	4	8	600	2025-05-02 03:42:24.582+00
1117	9	3	8	485	2025-05-01 16:47:57.671+00
1118	2	1	8	458	2025-04-28 00:29:32.577+00
1119	2	3	8	337	2025-04-27 11:51:59.374+00
1120	4	3	6	417	2025-04-29 15:09:32.049+00
1121	10	5	9	482	2025-05-02 18:54:06.304+00
1122	6	1	7	356	2025-05-02 08:32:30.053+00
1123	9	3	10	203	2025-04-28 10:45:12.665+00
1124	7	4	9	224	2025-05-02 11:57:20.98+00
1125	7	5	6	237	2025-04-30 11:49:30.38+00
1126	5	4	7	495	2025-04-26 08:12:32.414+00
1127	9	4	7	433	2025-05-04 08:53:22.949+00
1128	7	1	9	368	2025-04-26 15:06:12.567+00
1129	5	2	8	258	2025-04-26 03:54:35.699+00
1130	4	1	9	280	2025-04-26 10:08:18.841+00
1131	5	2	7	528	2025-04-28 22:45:44.858+00
1132	10	2	10	500	2025-04-29 02:05:44.491+00
1133	1	3	10	595	2025-04-27 05:38:26.274+00
1134	2	2	8	377	2025-05-04 22:43:18.674+00
1135	2	2	7	267	2025-05-01 05:23:39.971+00
1136	8	3	8	224	2025-04-29 05:07:17.592+00
1137	1	3	7	546	2025-05-03 20:57:11.661+00
1138	4	3	9	572	2025-05-02 01:07:50.32+00
1139	3	4	7	261	2025-05-02 00:17:39.463+00
1140	5	3	7	583	2025-04-28 19:05:30.756+00
1141	8	4	9	574	2025-04-28 22:33:14.347+00
1142	10	4	8	559	2025-05-02 23:50:23.736+00
1143	4	1	10	385	2025-05-02 05:25:02.061+00
1144	9	1	9	212	2025-04-27 04:58:59.558+00
1145	1	3	10	381	2025-04-29 14:24:45.826+00
1146	2	1	10	483	2025-04-27 05:33:54.663+00
1147	3	3	9	389	2025-04-30 15:21:26.783+00
1148	6	3	10	323	2025-05-01 13:08:12.701+00
1149	8	3	7	394	2025-04-29 07:56:21.698+00
1150	7	1	6	461	2025-04-26 10:43:17.949+00
1151	1	5	9	516	2025-05-03 20:23:00.299+00
1152	3	1	9	295	2025-04-28 01:54:08.887+00
1153	9	3	10	387	2025-04-29 20:43:54.714+00
1154	1	2	10	565	2025-05-01 15:35:31.331+00
1155	6	3	6	357	2025-04-26 15:06:26.486+00
1156	6	5	6	573	2025-05-03 04:45:20.734+00
1157	3	5	8	345	2025-05-04 17:52:14.216+00
1158	5	2	10	572	2025-04-28 20:32:35.056+00
1159	6	5	8	326	2025-05-02 20:03:11.315+00
1160	3	4	6	201	2025-05-04 13:57:39.206+00
1161	4	1	8	288	2025-04-26 11:31:55.786+00
1162	5	4	9	376	2025-05-03 11:38:13.105+00
1163	9	4	10	233	2025-04-29 00:42:04.311+00
1164	8	2	10	363	2025-04-26 23:59:34.21+00
1165	9	3	8	551	2025-05-02 08:21:39.748+00
1166	9	3	7	466	2025-05-02 23:43:17.158+00
1167	7	2	9	277	2025-05-02 18:43:58.805+00
1168	3	2	8	221	2025-05-04 05:14:29.177+00
1169	4	2	7	351	2025-04-26 06:05:18.149+00
1170	7	2	7	421	2025-04-30 00:00:29.048+00
1171	4	5	10	553	2025-05-01 01:18:59.921+00
1172	7	2	6	289	2025-04-28 22:50:58.396+00
1173	2	5	8	472	2025-04-27 22:27:54.275+00
1174	5	3	9	220	2025-05-01 07:25:18.089+00
1175	2	1	6	533	2025-04-26 22:44:07.426+00
1176	10	2	9	599	2025-05-01 02:44:20.381+00
1177	9	5	6	583	2025-04-29 14:43:34.7+00
1178	7	5	8	264	2025-05-04 03:07:12.255+00
1179	1	4	8	336	2025-04-28 16:58:14.989+00
1180	5	3	10	394	2025-04-27 00:30:55.427+00
1181	4	3	6	474	2025-05-04 17:22:07.483+00
1182	8	2	7	384	2025-04-30 12:46:02.976+00
1183	3	5	8	533	2025-04-27 12:06:39.676+00
1184	4	5	9	299	2025-05-01 02:28:07.125+00
1185	8	5	10	212	2025-05-04 14:56:46.175+00
1186	10	2	6	428	2025-04-30 21:20:27.316+00
1187	6	5	10	600	2025-05-02 07:38:02.9+00
1188	3	4	7	437	2025-05-04 22:45:58.743+00
1189	1	2	8	253	2025-05-04 20:19:51.175+00
1190	9	1	9	298	2025-05-02 19:44:44.853+00
1191	9	4	8	328	2025-04-27 19:17:04.864+00
1192	8	3	6	455	2025-04-26 13:04:50.023+00
1193	4	1	9	289	2025-05-01 18:24:08.947+00
1194	4	4	8	237	2025-05-02 03:05:34.714+00
1195	6	1	10	504	2025-04-27 05:08:47.544+00
1196	6	4	7	287	2025-05-01 22:52:19.752+00
1197	3	2	9	235	2025-04-28 10:21:36.949+00
1198	8	3	6	473	2025-05-04 21:30:05.14+00
1199	7	1	10	428	2025-05-01 15:56:48.364+00
1200	3	5	10	569	2025-04-26 14:40:43.909+00
1201	1	1	6	503	2025-05-01 07:26:35.199+00
1202	2	2	10	300	2025-04-27 10:03:23.176+00
\.


--
-- Data for Name: users; Type: TABLE DATA; Schema: public; Owner: bijay
--

COPY public.users (id, name, email, password, number, avatar, verified, created_at, updated_at) FROM stdin;
1	Bijay Codes	andreysandrey.10@gmail.com	$2a$10$sNW67ojdyWR5V.G/WAWn2euwYyjbLatQqwpCvZhXHwPKx0wFZpMT2	9861842341	bear	t	2025-04-30 16:56:29.596+00	2025-04-30 16:57:10.675+00
2	Bijay Rauniyar	user1@gmail.com	$2a$10$ZXglRGEFZ6R33Ksoa5XZCu/ZLL4K/J6.bxSYC0g2H5AuymOKwJRS2		bear	t	2025-05-01 18:34:03.807+00	2025-05-01 18:34:03.807+00
3	User 1	user1@example.com	$2a$10$ZXglRGEFZ6R33Ksoa5XZCu/ZLL4K/J6.bxSYC0g2H5AuymOKwJRS2	1234567890	bear	t	2025-05-01 18:36:27.500731+00	2025-05-01 18:36:27.500731+00
4	User 2	user2@example.com	$2a$10$ZXglRGEFZ6R33Ksoa5XZCu/ZLL4K/J6.bxSYC0g2H5AuymOKwJRS2	1234567891	bear	t	2025-05-01 18:36:27.500731+00	2025-05-01 18:36:27.500731+00
5	User 3	user3@example.com	$2a$10$ZXglRGEFZ6R33Ksoa5XZCu/ZLL4K/J6.bxSYC0g2H5AuymOKwJRS2	1234567892	bear	t	2025-05-01 18:36:27.500731+00	2025-05-01 18:36:27.500731+00
6	User 4	user4@example.com	$2a$10$ZXglRGEFZ6R33Ksoa5XZCu/ZLL4K/J6.bxSYC0g2H5AuymOKwJRS2	1234567893	bear	t	2025-05-01 18:36:27.500731+00	2025-05-01 18:36:27.500731+00
7	User 5	user5@example.com	$2a$10$ZXglRGEFZ6R33Ksoa5XZCu/ZLL4K/J6.bxSYC0g2H5AuymOKwJRS2	1234567894	bear	t	2025-05-01 18:36:27.500731+00	2025-05-01 18:36:27.500731+00
8	User 6	user6@example.com	$2a$10$ZXglRGEFZ6R33Ksoa5XZCu/ZLL4K/J6.bxSYC0g2H5AuymOKwJRS2	1234567895	bear	t	2025-05-01 18:36:27.500731+00	2025-05-01 18:36:27.500731+00
9	User 7	user7@example.com	$2a$10$ZXglRGEFZ6R33Ksoa5XZCu/ZLL4K/J6.bxSYC0g2H5AuymOKwJRS2	1234567896	bear	t	2025-05-01 18:36:27.500731+00	2025-05-01 18:36:27.500731+00
10	User 8	user8@example.com	$2a$10$ZXglRGEFZ6R33Ksoa5XZCu/ZLL4K/J6.bxSYC0g2H5AuymOKwJRS2	1234567897	bear	t	2025-05-01 18:36:27.500731+00	2025-05-01 18:36:27.500731+00
\.


--
-- Name: mcq_questions_id_seq; Type: SEQUENCE SET; Schema: public; Owner: bijay
--

SELECT pg_catalog.setval('public.mcq_questions_id_seq', 219, true);


--
-- Name: mock_tests_id_seq; Type: SEQUENCE SET; Schema: public; Owner: bijay
--

SELECT pg_catalog.setval('public.mock_tests_id_seq', 1, false);


--
-- Name: notifications_id_seq; Type: SEQUENCE SET; Schema: public; Owner: bijay
--

SELECT pg_catalog.setval('public.notifications_id_seq', 1, false);


--
-- Name: sections_id_seq; Type: SEQUENCE SET; Schema: public; Owner: bijay
--

SELECT pg_catalog.setval('public.sections_id_seq', 1, false);


--
-- Name: streams_id_seq; Type: SEQUENCE SET; Schema: public; Owner: bijay
--

SELECT pg_catalog.setval('public.streams_id_seq', 2, true);


--
-- Name: user_scores_id_seq; Type: SEQUENCE SET; Schema: public; Owner: bijay
--

SELECT pg_catalog.setval('public.user_scores_id_seq', 1202, true);


--
-- Name: users_id_seq; Type: SEQUENCE SET; Schema: public; Owner: bijay
--

SELECT pg_catalog.setval('public.users_id_seq', 1, false);


--
-- Name: mcq_questions mcq_questions_pkey; Type: CONSTRAINT; Schema: public; Owner: bijay
--

ALTER TABLE ONLY public.mcq_questions
    ADD CONSTRAINT mcq_questions_pkey PRIMARY KEY (id);


--
-- Name: mock_tests mock_tests_pkey; Type: CONSTRAINT; Schema: public; Owner: bijay
--

ALTER TABLE ONLY public.mock_tests
    ADD CONSTRAINT mock_tests_pkey PRIMARY KEY (id);


--
-- Name: notifications notifications_pkey; Type: CONSTRAINT; Schema: public; Owner: bijay
--

ALTER TABLE ONLY public.notifications
    ADD CONSTRAINT notifications_pkey PRIMARY KEY (id);


--
-- Name: sections sections_pkey; Type: CONSTRAINT; Schema: public; Owner: bijay
--

ALTER TABLE ONLY public.sections
    ADD CONSTRAINT sections_pkey PRIMARY KEY (id);


--
-- Name: streams streams_pkey; Type: CONSTRAINT; Schema: public; Owner: bijay
--

ALTER TABLE ONLY public.streams
    ADD CONSTRAINT streams_pkey PRIMARY KEY (id);


--
-- Name: test_section_links test_section_links_pkey; Type: CONSTRAINT; Schema: public; Owner: bijay
--

ALTER TABLE ONLY public.test_section_links
    ADD CONSTRAINT test_section_links_pkey PRIMARY KEY (mock_test_id, section_id);


--
-- Name: test_section_links test_section_links_section_id_test_id_key; Type: CONSTRAINT; Schema: public; Owner: bijay
--

ALTER TABLE ONLY public.test_section_links
    ADD CONSTRAINT test_section_links_section_id_test_id_key UNIQUE (section_id, test_id);


--
-- Name: user_scores user_scores_pkey; Type: CONSTRAINT; Schema: public; Owner: bijay
--

ALTER TABLE ONLY public.user_scores
    ADD CONSTRAINT user_scores_pkey PRIMARY KEY (id);


--
-- Name: users users_email_key; Type: CONSTRAINT; Schema: public; Owner: bijay
--

ALTER TABLE ONLY public.users
    ADD CONSTRAINT users_email_key UNIQUE (email);


--
-- Name: users users_number_key; Type: CONSTRAINT; Schema: public; Owner: bijay
--

ALTER TABLE ONLY public.users
    ADD CONSTRAINT users_number_key UNIQUE (number);


--
-- Name: users users_pkey; Type: CONSTRAINT; Schema: public; Owner: bijay
--

ALTER TABLE ONLY public.users
    ADD CONSTRAINT users_pkey PRIMARY KEY (id);


--
-- Name: mcq_questions mcq_questions_section_id_fkey; Type: FK CONSTRAINT; Schema: public; Owner: bijay
--

ALTER TABLE ONLY public.mcq_questions
    ADD CONSTRAINT mcq_questions_section_id_fkey FOREIGN KEY (section_id) REFERENCES public.sections(id) ON UPDATE CASCADE ON DELETE CASCADE;


--
-- Name: mock_tests mock_tests_stream_id_fkey; Type: FK CONSTRAINT; Schema: public; Owner: bijay
--

ALTER TABLE ONLY public.mock_tests
    ADD CONSTRAINT mock_tests_stream_id_fkey FOREIGN KEY (stream_id) REFERENCES public.streams(id) ON UPDATE CASCADE ON DELETE CASCADE;


--
-- Name: notifications notifications_user_id_fkey; Type: FK CONSTRAINT; Schema: public; Owner: bijay
--

ALTER TABLE ONLY public.notifications
    ADD CONSTRAINT notifications_user_id_fkey FOREIGN KEY (user_id) REFERENCES public.users(id) ON UPDATE CASCADE ON DELETE CASCADE;


--
-- Name: test_section_links test_section_links_mock_test_id_fkey; Type: FK CONSTRAINT; Schema: public; Owner: bijay
--

ALTER TABLE ONLY public.test_section_links
    ADD CONSTRAINT test_section_links_mock_test_id_fkey FOREIGN KEY (mock_test_id) REFERENCES public.mock_tests(id) ON UPDATE CASCADE ON DELETE CASCADE;


--
-- Name: test_section_links test_section_links_section_id_fkey; Type: FK CONSTRAINT; Schema: public; Owner: bijay
--

ALTER TABLE ONLY public.test_section_links
    ADD CONSTRAINT test_section_links_section_id_fkey FOREIGN KEY (section_id) REFERENCES public.sections(id) ON UPDATE CASCADE ON DELETE CASCADE;


--
-- Name: test_section_links test_section_links_test_id_fkey; Type: FK CONSTRAINT; Schema: public; Owner: bijay
--

ALTER TABLE ONLY public.test_section_links
    ADD CONSTRAINT test_section_links_test_id_fkey FOREIGN KEY (test_id) REFERENCES public.mock_tests(id) ON UPDATE CASCADE ON DELETE CASCADE;


--
-- Name: user_scores user_scores_mock_test_id_fkey; Type: FK CONSTRAINT; Schema: public; Owner: bijay
--

ALTER TABLE ONLY public.user_scores
    ADD CONSTRAINT user_scores_mock_test_id_fkey FOREIGN KEY (mock_test_id) REFERENCES public.mock_tests(id) ON UPDATE CASCADE ON DELETE CASCADE;


--
-- Name: user_scores user_scores_user_id_fkey; Type: FK CONSTRAINT; Schema: public; Owner: bijay
--

ALTER TABLE ONLY public.user_scores
    ADD CONSTRAINT user_scores_user_id_fkey FOREIGN KEY (user_id) REFERENCES public.users(id) ON UPDATE CASCADE ON DELETE CASCADE;


--
-- PostgreSQL database dump complete
--

